t,shoulder_lift_target,shoulder_lift_pos,elbow_flex_target,elbow_flex_pos,wrist_flex_target,wrist_flex_pos
7.152557373046875e-07,0.0,0.43956043956043955,0.0,3.076923076923077,0.0,1.098901098901099
0.021916627883911133,0.0,0.43956043956043955,0.0,3.076923076923077,0.0,1.098901098901099
0.04365658760070801,0.0,0.43956043956043955,0.0,3.076923076923077,0.0,1.098901098901099
0.06550359725952148,0.0,0.43956043956043955,0.0,3.076923076923077,0.0,1.098901098901099
0.08744287490844727,0.0,0.43956043956043955,0.0,3.076923076923077,0.0,1.098901098901099
0.10931992530822754,0.0,0.43956043956043955,0.0,3.076923076923077,0.0,1.098901098901099
0.13135218620300293,0.0,0.43956043956043955,0.0,3.076923076923077,0.0,1.098901098901099
0.1532149314880371,0.0,0.43956043956043955,0.0,3.076923076923077,0.0,1.098901098901099
0.17518901824951172,0.0,0.43956043956043955,0.0,3.076923076923077,0.0,1.098901098901099
0.19704484939575195,0.0,0.43956043956043955,0.0,3.076923076923077,0.0,1.098901098901099
0.21897244453430176,0.0,0.43956043956043955,0.0,3.076923076923077,0.0,1.098901098901099
0.24093985557556152,0.0,0.43956043956043955,0.0,3.076923076923077,0.0,1.098901098901099
0.26285862922668457,0.0,0.43956043956043955,0.0,3.076923076923077,0.0,1.098901098901099
0.2848703861236572,0.0,0.43956043956043955,0.0,3.076923076923077,0.0,1.098901098901099
0.3067820072174072,0.0,0.43956043956043955,0.0,3.076923076923077,0.0,1.098901098901099
0.32865333557128906,0.0,0.43956043956043955,0.0,3.076923076923077,0.0,1.098901098901099
0.3506765365600586,0.0,0.43956043956043955,0.0,3.076923076923077,0.0,1.098901098901099
0.37274789810180664,0.0,0.43956043956043955,0.0,3.076923076923077,0.0,1.098901098901099
0.39444470405578613,0.0,0.43956043956043955,0.0,3.076923076923077,0.0,1.098901098901099
0.41650819778442383,0.0,0.43956043956043955,0.0,3.076923076923077,0.0,1.098901098901099
0.43836355209350586,0.0,0.43956043956043955,0.0,3.076923076923077,0.0,1.098901098901099
0.4599616527557373,0.0,0.43956043956043955,0.0,3.076923076923077,0.0,1.098901098901099
0.48184776306152344,0.0,0.43956043956043955,0.0,3.076923076923077,0.0,1.098901098901099
0.5034263134002686,0.0,0.43956043956043955,0.0,3.076923076923077,0.0,1.098901098901099
0.5254852771759033,0.0,0.43956043956043955,0.0,3.076923076923077,0.0,1.098901098901099
0.5473284721374512,0.0,0.43956043956043955,0.0,3.076923076923077,0.0,1.098901098901099
0.56931471824646,0.0,0.43956043956043955,0.0,3.076923076923077,0.0,1.098901098901099
0.5911386013031006,0.0,0.43956043956043955,0.0,3.076923076923077,0.0,1.098901098901099
0.6129419803619385,0.0,0.43956043956043955,0.0,3.076923076923077,0.0,1.098901098901099
0.6349294185638428,0.0,0.43956043956043955,0.0,3.076923076923077,0.0,1.098901098901099
0.6569373607635498,0.0,0.43956043956043955,0.0,3.076923076923077,0.0,1.098901098901099
0.6786956787109375,0.0,0.43956043956043955,0.0,3.076923076923077,0.0,1.098901098901099
0.7002487182617188,0.0,0.43956043956043955,0.0,3.076923076923077,0.0,1.098901098901099
0.7222330570220947,0.0,0.43956043956043955,0.0,3.076923076923077,0.0,1.098901098901099
0.7440838813781738,0.0,0.43956043956043955,0.0,3.076923076923077,0.0,1.098901098901099
0.7658753395080566,0.0,0.43956043956043955,0.0,3.076923076923077,0.0,1.098901098901099
0.7875165939331055,0.0,0.43956043956043955,0.0,3.076923076923077,0.0,1.098901098901099
0.8093550205230713,0.0,0.43956043956043955,0.0,3.076923076923077,0.0,1.098901098901099
0.8312678337097168,0.0,0.43956043956043955,0.0,3.076923076923077,0.0,1.098901098901099
0.8530688285827637,0.0,0.43956043956043955,0.0,3.076923076923077,0.0,1.098901098901099
0.8749065399169922,0.0,0.43956043956043955,0.0,3.076923076923077,0.0,1.098901098901099
0.8963680267333984,0.0,0.43956043956043955,0.0,3.076923076923077,0.0,1.098901098901099
0.9182572364807129,0.0,0.43956043956043955,0.0,3.076923076923077,0.0,1.098901098901099
0.940028190612793,0.0,0.43956043956043955,0.0,3.076923076923077,0.0,1.098901098901099
0.9617938995361328,0.0,0.43956043956043955,0.0,3.076923076923077,0.0,1.098901098901099
0.9833390712738037,0.0,0.43956043956043955,0.0,3.076923076923077,0.0,1.098901098901099
1.0049543380737305,0.0,0.43956043956043955,0.0,3.076923076923077,0.0,1.098901098901099
1.0264427661895752,0.0,0.43956043956043955,0.0,3.076923076923077,0.0,1.098901098901099
1.0479681491851807,0.0,0.43956043956043955,0.0,3.076923076923077,0.0,1.098901098901099
1.0696971416473389,0.0,0.43956043956043955,0.0,3.076923076923077,0.0,1.098901098901099
1.091303825378418,0.0,0.43956043956043955,0.0,3.076923076923077,0.0,1.098901098901099
1.1130702495574951,0.0,0.43956043956043955,0.0,3.076923076923077,0.0,1.098901098901099
1.13498854637146,0.0,0.43956043956043955,0.0,3.076923076923077,0.0,1.098901098901099
1.1569020748138428,0.0,0.43956043956043955,0.0,3.076923076923077,0.0,1.098901098901099
1.1786222457885742,0.0,0.43956043956043955,0.0,3.076923076923077,0.0,1.098901098901099
1.2004761695861816,0.0,0.43956043956043955,0.0,3.076923076923077,0.0,1.098901098901099
1.2223551273345947,0.0,0.43956043956043955,0.0,3.076923076923077,0.0,1.098901098901099
1.244096040725708,0.0,0.43956043956043955,0.0,3.076923076923077,0.0,1.098901098901099
1.2660489082336426,0.0,0.43956043956043955,0.0,3.076923076923077,0.0,1.098901098901099
1.2875869274139404,0.0,0.43956043956043955,0.0,3.076923076923077,0.0,1.098901098901099
1.3093464374542236,0.0,0.43956043956043955,0.0,3.076923076923077,0.0,1.098901098901099
1.3312115669250488,0.0,0.43956043956043955,0.0,3.076923076923077,0.0,1.098901098901099
1.3529901504516602,0.0,0.43956043956043955,0.0,3.076923076923077,0.0,1.098901098901099
1.3748524188995361,0.0,0.43956043956043955,0.0,3.076923076923077,0.0,1.098901098901099
1.3965544700622559,0.0,0.43956043956043955,0.0,3.076923076923077,0.0,1.098901098901099
1.418123483657837,0.0,0.43956043956043955,0.0,3.076923076923077,0.0,1.098901098901099
1.4397752285003662,0.0,0.43956043956043955,0.0,3.076923076923077,0.0,1.098901098901099
1.461402177810669,0.0,0.43956043956043955,0.0,3.076923076923077,0.0,1.098901098901099
1.4837651252746582,0.0,0.43956043956043955,0.0,3.076923076923077,0.0,1.098901098901099
1.5054881572723389,0.0,0.43956043956043955,0.0,3.076923076923077,0.0,1.098901098901099
1.5272984504699707,0.0,0.43956043956043955,0.0,3.076923076923077,0.0,1.098901098901099
1.549224853515625,0.0,0.43956043956043955,0.0,3.076923076923077,0.0,1.098901098901099
1.5712521076202393,0.0,0.43956043956043955,0.0,3.076923076923077,0.0,1.098901098901099
1.5930824279785156,0.0,0.43956043956043955,0.0,3.076923076923077,0.0,1.098901098901099
1.6150875091552734,0.0,0.43956043956043955,0.0,3.076923076923077,0.0,1.098901098901099
1.6371214389801025,0.0,0.43956043956043955,0.0,3.076923076923077,0.0,1.098901098901099
1.6589007377624512,0.0,0.43956043956043955,0.0,3.076923076923077,0.0,1.098901098901099
1.6806640625,0.0,0.43956043956043955,0.0,3.076923076923077,0.0,1.098901098901099
1.7024900913238525,0.0,0.43956043956043955,0.0,3.076923076923077,0.0,1.098901098901099
1.7244088649749756,0.0,0.43956043956043955,0.0,3.076923076923077,0.0,1.098901098901099
1.7461791038513184,0.0,0.43956043956043955,0.0,3.076923076923077,0.0,1.098901098901099
1.7679157257080078,0.0,0.43956043956043955,0.0,3.076923076923077,0.0,1.098901098901099
1.7897796630859375,0.0,0.43956043956043955,0.0,3.076923076923077,0.0,1.098901098901099
1.8116166591644287,0.0,0.43956043956043955,0.0,3.076923076923077,0.0,1.098901098901099
1.8335316181182861,0.0,0.43956043956043955,0.0,3.076923076923077,0.0,1.098901098901099
1.8555357456207275,0.0,0.43956043956043955,0.0,3.076923076923077,0.0,1.098901098901099
1.877183437347412,0.0,0.43956043956043955,0.0,3.076923076923077,0.0,1.098901098901099
1.8987574577331543,0.0,0.43956043956043955,0.0,3.076923076923077,0.0,1.098901098901099
1.920382022857666,0.0,0.43956043956043955,0.0,3.076923076923077,0.0,1.098901098901099
1.9418909549713135,0.0,0.43956043956043955,0.0,3.076923076923077,0.0,1.098901098901099
1.9632949829101562,0.0,0.43956043956043955,0.0,3.076923076923077,0.0,1.098901098901099
1.9847300052642822,0.0,0.43956043956043955,0.0,3.076923076923077,0.0,1.098901098901099
2.006194591522217,-15.0,0.43956043956043955,-15.0,3.076923076923077,-15.0,1.098901098901099
2.0276541709899902,-15.0,0.43956043956043955,-15.0,3.076923076923077,-15.0,1.098901098901099
2.049184799194336,-15.0,0.43956043956043955,-15.0,2.989010989010989,-15.0,0.9230769230769231
2.0706098079681396,-15.0,0.43956043956043955,-15.0,2.4615384615384617,-15.0,0.21978021978021978
2.0922112464904785,-15.0,0.08791208791208792,-15.0,1.3186813186813187,-15.0,-1.010989010989011
2.1136715412139893,-15.0,-0.8791208791208791,-15.0,-0.3516483516483517,-15.0,-3.032967032967033
2.135209560394287,-15.0,-2.197802197802198,-15.0,-2.2857142857142856,-15.0,-5.230769230769231
2.156674385070801,-15.0,-3.868131868131868,-15.0,-4.483516483516484,-15.0,-7.516483516483516
2.1781857013702393,-15.0,-5.8901098901098905,-15.0,-6.593406593406593,-15.0,-9.362637362637363
2.199646472930908,-15.0,-8.0,-15.0,-8.43956043956044,-15.0,-10.76923076923077
2.221209764480591,-15.0,-10.461538461538462,-15.0,-9.934065934065934,-15.0,-12.087912087912088
2.2428102493286133,-15.0,-11.868131868131869,-15.0,-12.043956043956044,-15.0,-12.87912087912088
2.264624834060669,-15.0,-12.923076923076923,-15.0,-13.362637362637363,-15.0,-13.494505494505495
2.2864458560943604,-15.0,-13.89010989010989,-15.0,-13.362637362637363,-15.0,-13.846153846153847
2.3083455562591553,-15.0,-14.241758241758241,-15.0,-13.626373626373626,-15.0,-14.197802197802197
2.3298439979553223,-15.0,-14.417582417582418,-15.0,-12.923076923076923,-15.0,-14.373626373626374
2.351619005203247,-15.0,-13.978021978021978,-15.0,-12.835164835164836,-15.0,-14.197802197802197
2.3735923767089844,-15.0,-13.45054945054945,-15.0,-13.098901098901099,-15.0,-14.197802197802197
2.395522117614746,-15.0,-13.186813186813186,-15.0,-12.835164835164836,-15.0,-14.197802197802197
2.4173550605773926,-15.0,-13.098901098901099,-15.0,-12.747252747252746,-15.0,-14.197802197802197
2.4390649795532227,-15.0,-13.098901098901099,-15.0,-12.747252747252746,-15.0,-14.197802197802197
2.460660457611084,-15.0,-13.274725274725276,-15.0,-12.835164835164836,-15.0,-14.197802197802197
2.482421398162842,-15.0,-13.626373626373626,-15.0,-13.010989010989011,-15.0,-14.285714285714286
2.5042054653167725,-15.0,-14.065934065934066,-15.0,-13.186813186813186,-15.0,-14.373626373626374
2.526111602783203,-15.0,-14.593406593406593,-15.0,-13.186813186813186,-15.0,-14.54945054945055
2.5477874279022217,-15.0,-14.68131868131868,-15.0,-13.274725274725276,-15.0,-14.54945054945055
2.56941819190979,-15.0,-14.68131868131868,-15.0,-13.274725274725276,-15.0,-14.54945054945055
2.591176986694336,-15.0,-14.241758241758241,-15.0,-13.274725274725276,-15.0,-14.54945054945055
2.6127398014068604,-15.0,-13.978021978021978,-15.0,-13.098901098901099,-15.0,-14.54945054945055
2.634249210357666,-15.0,-13.714285714285714,-15.0,-13.010989010989011,-15.0,-14.54945054945055
2.6562232971191406,-15.0,-13.626373626373626,-15.0,-12.923076923076923,-15.0,-14.54945054945055
2.678046226501465,-15.0,-13.626373626373626,-15.0,-12.923076923076923,-15.0,-14.54945054945055
2.699789524078369,-15.0,-13.626373626373626,-15.0,-12.923076923076923,-15.0,-14.54945054945055
2.721712112426758,-15.0,-13.802197802197803,-15.0,-13.010989010989011,-15.0,-14.54945054945055
2.74348521232605,-15.0,-13.978021978021978,-15.0,-13.186813186813186,-15.0,-14.637362637362637
2.765120506286621,-15.0,-14.153846153846153,-15.0,-13.186813186813186,-15.0,-14.637362637362637
2.786888837814331,-15.0,-14.241758241758241,-15.0,-13.274725274725276,-15.0,-14.637362637362637
2.8086836338043213,-15.0,-14.241758241758241,-15.0,-13.274725274725276,-15.0,-14.637362637362637
2.8302574157714844,-15.0,-14.153846153846153,-15.0,-13.098901098901099,-15.0,-14.637362637362637
2.85209321975708,-15.0,-13.978021978021978,-15.0,-13.098901098901099,-15.0,-14.637362637362637
2.8739233016967773,-15.0,-13.89010989010989,-15.0,-13.098901098901099,-15.0,-14.637362637362637
2.895509719848633,-15.0,-13.89010989010989,-15.0,-13.010989010989011,-15.0,-14.637362637362637
2.9172472953796387,-15.0,-13.89010989010989,-15.0,-13.010989010989011,-15.0,-14.637362637362637
2.938901901245117,-15.0,-13.978021978021978,-15.0,-13.010989010989011,-15.0,-14.637362637362637
2.9606387615203857,-15.0,-14.065934065934066,-15.0,-13.098901098901099,-15.0,-14.637362637362637
2.9825613498687744,-15.0,-14.065934065934066,-15.0,-13.098901098901099,-15.0,-14.637362637362637
3.004340410232544,-15.0,-14.065934065934066,-15.0,-13.186813186813186,-15.0,-14.637362637362637
3.0262441635131836,-15.0,-14.065934065934066,-15.0,-13.186813186813186,-15.0,-14.637362637362637
3.048037528991699,-15.0,-14.065934065934066,-15.0,-13.098901098901099,-15.0,-14.637362637362637
3.069973945617676,-15.0,-13.978021978021978,-15.0,-13.098901098901099,-15.0,-14.637362637362637
3.091588258743286,-15.0,-13.978021978021978,-15.0,-13.098901098901099,-15.0,-14.637362637362637
3.1133806705474854,-15.0,-13.978021978021978,-15.0,-13.098901098901099,-15.0,-14.637362637362637
3.135352611541748,-15.0,-13.978021978021978,-15.0,-13.098901098901099,-15.0,-14.637362637362637
3.157166004180908,-15.0,-13.978021978021978,-15.0,-13.098901098901099,-15.0,-14.637362637362637
3.178922653198242,-15.0,-14.065934065934066,-15.0,-13.098901098901099,-15.0,-14.637362637362637
3.2006676197052,-15.0,-14.065934065934066,-15.0,-13.098901098901099,-15.0,-14.637362637362637
3.2225241661071777,-15.0,-14.065934065934066,-15.0,-13.098901098901099,-15.0,-14.637362637362637
3.244102716445923,-15.0,-14.065934065934066,-15.0,-13.098901098901099,-15.0,-14.637362637362637
3.2659690380096436,-15.0,-14.065934065934066,-15.0,-13.098901098901099,-15.0,-14.637362637362637
3.2878177165985107,-15.0,-13.978021978021978,-15.0,-13.098901098901099,-15.0,-14.637362637362637
3.309339761734009,-15.0,-13.978021978021978,-15.0,-13.098901098901099,-15.0,-14.637362637362637
3.331312417984009,-15.0,-13.978021978021978,-15.0,-13.098901098901099,-15.0,-14.637362637362637
3.353147506713867,-15.0,-13.978021978021978,-15.0,-13.098901098901099,-15.0,-14.637362637362637
3.374948024749756,-15.0,-13.978021978021978,-15.0,-13.098901098901099,-15.0,-14.637362637362637
3.396399736404419,-15.0,-14.065934065934066,-15.0,-13.098901098901099,-15.0,-14.637362637362637
3.4183645248413086,-15.0,-14.065934065934066,-15.0,-13.098901098901099,-15.0,-14.637362637362637
3.440351724624634,-15.0,-14.065934065934066,-15.0,-13.098901098901099,-15.0,-14.637362637362637
3.4620001316070557,-15.0,-14.065934065934066,-15.0,-13.098901098901099,-15.0,-14.637362637362637
3.4838857650756836,-15.0,-13.978021978021978,-15.0,-13.098901098901099,-15.0,-14.637362637362637
3.5059046745300293,-15.0,-13.978021978021978,-15.0,-13.098901098901099,-15.0,-14.637362637362637
3.5277488231658936,-15.0,-13.978021978021978,-15.0,-13.098901098901099,-15.0,-14.637362637362637
3.5497493743896484,-15.0,-13.978021978021978,-15.0,-13.098901098901099,-15.0,-14.637362637362637
3.571725845336914,-15.0,-13.978021978021978,-15.0,-13.098901098901099,-15.0,-14.637362637362637
3.593596935272217,-15.0,-13.978021978021978,-15.0,-13.098901098901099,-15.0,-14.637362637362637
3.6154537200927734,-15.0,-13.978021978021978,-15.0,-13.098901098901099,-15.0,-14.637362637362637
3.6374192237854004,-15.0,-13.978021978021978,-15.0,-13.098901098901099,-15.0,-14.637362637362637
3.659442186355591,-15.0,-13.978021978021978,-15.0,-13.098901098901099,-15.0,-14.637362637362637
3.6814112663269043,-15.0,-13.978021978021978,-15.0,-13.098901098901099,-15.0,-14.637362637362637
3.7034454345703125,-15.0,-13.978021978021978,-15.0,-13.098901098901099,-15.0,-14.637362637362637
3.7254791259765625,-15.0,-13.978021978021978,-15.0,-13.098901098901099,-15.0,-14.637362637362637
3.7473576068878174,-15.0,-13.978021978021978,-15.0,-13.098901098901099,-15.0,-14.637362637362637
3.769322156906128,-15.0,-13.978021978021978,-15.0,-13.098901098901099,-15.0,-14.637362637362637
3.7909979820251465,-15.0,-13.978021978021978,-15.0,-13.098901098901099,-15.0,-14.637362637362637
3.8126955032348633,-15.0,-13.978021978021978,-15.0,-13.098901098901099,-15.0,-14.637362637362637
3.8346457481384277,-15.0,-13.978021978021978,-15.0,-13.098901098901099,-15.0,-14.637362637362637
3.8565762042999268,-15.0,-13.978021978021978,-15.0,-13.098901098901099,-15.0,-14.637362637362637
3.878366708755493,-15.0,-13.978021978021978,-15.0,-13.098901098901099,-15.0,-14.637362637362637
3.900322437286377,-15.0,-13.978021978021978,-15.0,-13.098901098901099,-15.0,-14.637362637362637
3.9223296642303467,-15.0,-13.978021978021978,-15.0,-13.098901098901099,-15.0,-14.637362637362637
3.944098711013794,-15.0,-13.978021978021978,-15.0,-13.098901098901099,-15.0,-14.637362637362637
3.9660212993621826,-15.0,-13.978021978021978,-15.0,-13.098901098901099,-15.0,-14.637362637362637
3.9878041744232178,-15.0,-13.978021978021978,-15.0,-13.098901098901099,-15.0,-14.637362637362637
4.009669303894043,-15.0,-13.978021978021978,-15.0,-13.098901098901099,-15.0,-14.637362637362637
4.031248092651367,-15.0,-13.978021978021978,-15.0,-13.098901098901099,-15.0,-14.637362637362637
4.0531089305877686,-15.0,-13.978021978021978,-15.0,-13.098901098901099,-15.0,-14.637362637362637
4.075013875961304,-15.0,-13.978021978021978,-15.0,-13.098901098901099,-15.0,-14.637362637362637
4.096824645996094,-15.0,-13.978021978021978,-15.0,-13.098901098901099,-15.0,-14.637362637362637
4.11865758895874,-15.0,-13.978021978021978,-15.0,-13.098901098901099,-15.0,-14.637362637362637
4.1405699253082275,-15.0,-13.978021978021978,-15.0,-13.098901098901099,-15.0,-14.637362637362637
4.1624596118927,-15.0,-13.978021978021978,-15.0,-13.098901098901099,-15.0,-14.637362637362637
4.1843788623809814,-15.0,-13.978021978021978,-15.0,-13.098901098901099,-15.0,-14.637362637362637
4.206382751464844,-15.0,-13.978021978021978,-15.0,-13.098901098901099,-15.0,-14.637362637362637
4.2282938957214355,-15.0,-13.978021978021978,-15.0,-13.098901098901099,-15.0,-14.637362637362637
4.250166177749634,-15.0,-13.978021978021978,-15.0,-13.098901098901099,-15.0,-14.637362637362637
4.272151231765747,-15.0,-13.978021978021978,-15.0,-13.098901098901099,-15.0,-14.637362637362637
4.29382061958313,-15.0,-13.978021978021978,-15.0,-13.098901098901099,-15.0,-14.637362637362637
4.315768241882324,-15.0,-13.978021978021978,-15.0,-13.098901098901099,-15.0,-14.637362637362637
4.33759617805481,-15.0,-13.978021978021978,-15.0,-13.098901098901099,-15.0,-14.637362637362637
4.35966157913208,-15.0,-13.978021978021978,-15.0,-13.098901098901099,-15.0,-14.637362637362637
4.3815391063690186,-15.0,-13.978021978021978,-15.0,-13.098901098901099,-15.0,-14.637362637362637
4.403313875198364,-15.0,-13.978021978021978,-15.0,-13.098901098901099,-15.0,-14.637362637362637
4.425306797027588,-15.0,-13.978021978021978,-15.0,-13.098901098901099,-15.0,-14.637362637362637
4.44709587097168,-15.0,-13.978021978021978,-15.0,-13.098901098901099,-15.0,-14.637362637362637
4.468903303146362,-15.0,-13.978021978021978,-15.0,-13.098901098901099,-15.0,-14.637362637362637
4.490797281265259,-15.0,-13.978021978021978,-15.0,-13.098901098901099,-15.0,-14.637362637362637
4.512627363204956,-15.0,-13.978021978021978,-15.0,-13.098901098901099,-15.0,-14.637362637362637
4.5348286628723145,-15.0,-13.978021978021978,-15.0,-13.098901098901099,-15.0,-14.637362637362637
4.556712865829468,-15.0,-13.978021978021978,-15.0,-13.098901098901099,-15.0,-14.637362637362637
4.57845401763916,-15.0,-13.978021978021978,-15.0,-13.098901098901099,-15.0,-14.637362637362637
4.600442171096802,-15.0,-13.978021978021978,-15.0,-13.098901098901099,-15.0,-14.637362637362637
4.622396230697632,-15.0,-13.978021978021978,-15.0,-13.098901098901099,-15.0,-14.637362637362637
4.644152402877808,-15.0,-13.978021978021978,-15.0,-13.098901098901099,-15.0,-14.637362637362637
4.6661536693573,-15.0,-13.978021978021978,-15.0,-13.098901098901099,-15.0,-14.637362637362637
4.688103437423706,-15.0,-13.978021978021978,-15.0,-13.098901098901099,-15.0,-14.637362637362637
4.710089445114136,-15.0,-13.978021978021978,-15.0,-13.098901098901099,-15.0,-14.637362637362637
4.7320497035980225,-15.0,-13.978021978021978,-15.0,-13.098901098901099,-15.0,-14.637362637362637
4.7540388107299805,-15.0,-13.978021978021978,-15.0,-13.098901098901099,-15.0,-14.637362637362637
4.776016473770142,-15.0,-13.978021978021978,-15.0,-13.098901098901099,-15.0,-14.637362637362637
4.797944068908691,-15.0,-13.978021978021978,-15.0,-13.098901098901099,-15.0,-14.637362637362637
4.81997013092041,-15.0,-13.978021978021978,-15.0,-13.098901098901099,-15.0,-14.637362637362637
4.8418848514556885,-15.0,-13.978021978021978,-15.0,-13.098901098901099,-15.0,-14.637362637362637
4.863741159439087,-15.0,-13.978021978021978,-15.0,-13.098901098901099,-15.0,-14.637362637362637
4.885745048522949,-15.0,-13.978021978021978,-15.0,-13.098901098901099,-15.0,-14.637362637362637
4.907727003097534,-15.0,-13.978021978021978,-15.0,-13.098901098901099,-15.0,-14.637362637362637
4.929649353027344,-15.0,-13.978021978021978,-15.0,-13.098901098901099,-15.0,-14.637362637362637
4.951575040817261,-15.0,-13.978021978021978,-15.0,-13.098901098901099,-15.0,-14.637362637362637
4.973549842834473,-15.0,-13.978021978021978,-15.0,-13.098901098901099,-15.0,-14.637362637362637
4.9953460693359375,-15.0,-13.978021978021978,-15.0,-13.098901098901099,-15.0,-14.637362637362637
5.017324209213257,0.0,-13.978021978021978,0.0,-13.098901098901099,0.0,-14.637362637362637
5.039252281188965,0.0,-13.978021978021978,0.0,-13.098901098901099,0.0,-14.637362637362637
5.061084747314453,0.0,-13.978021978021978,0.0,-13.098901098901099,0.0,-14.54945054945055
5.083086013793945,0.0,-13.538461538461538,0.0,-12.835164835164836,0.0,-14.285714285714286
5.1051106452941895,0.0,-13.010989010989011,0.0,-11.956043956043956,0.0,-13.142857142857142
5.12707781791687,0.0,-11.252747252747254,0.0,-11.340659340659341,0.0,-11.032967032967033
5.149070501327515,0.0,-9.406593406593407,0.0,-9.142857142857142,0.0,-8.835164835164836
5.171044111251831,0.0,-7.472527472527473,0.0,-6.769230769230769,0.0,-6.637362637362638
5.19288444519043,0.0,-5.274725274725275,0.0,-4.21978021978022,0.0,-4.7032967032967035
5.214850902557373,0.0,-2.901098901098901,0.0,-1.8461538461538463,0.0,-2.769230769230769
5.236851692199707,0.0,-0.967032967032967,0.0,-0.967032967032967,0.0,-1.89010989010989
5.25881552696228,0.0,0.7032967032967034,0.0,0.17582417582417584,0.0,-1.098901098901099
5.280716180801392,0.0,1.6703296703296704,0.0,0.967032967032967,0.0,-0.5714285714285714
5.302747964859009,0.0,1.934065934065934,0.0,1.1428571428571428,0.0,-0.3956043956043956
5.324747323989868,0.0,1.5824175824175823,0.0,1.054945054945055,0.0,-0.3956043956043956
5.346629619598389,0.0,0.967032967032967,0.0,0.6153846153846154,0.0,-0.3956043956043956
5.368638515472412,0.0,0.0,0.0,0.5274725274725275,0.0,-0.3956043956043956
5.3906872272491455,0.0,-0.17582417582417584,0.0,0.43956043956043955,0.0,-0.5714285714285714
5.412679433822632,0.0,-0.17582417582417584,0.0,0.3516483516483517,0.0,-0.7472527472527473
5.434634208679199,0.0,0.3516483516483517,0.0,0.43956043956043955,0.0,-0.3076923076923077
5.456592798233032,0.0,0.967032967032967,0.0,0.6153846153846154,0.0,-0.3076923076923077
5.478516101837158,0.0,1.4065934065934067,0.0,0.967032967032967,0.0,-0.21978021978021978
5.500415086746216,0.0,1.6703296703296704,0.0,1.054945054945055,0.0,-0.13186813186813187
5.522488117218018,0.0,1.7582417582417582,0.0,1.054945054945055,0.0,-0.13186813186813187
5.544110536575317,0.0,1.7582417582417582,0.0,1.054945054945055,0.0,-0.13186813186813187
5.566065311431885,0.0,1.4945054945054945,0.0,0.8791208791208791,0.0,-0.21978021978021978
5.588089227676392,0.0,1.1428571428571428,0.0,0.7032967032967034,0.0,-0.21978021978021978
5.610024929046631,0.0,0.967032967032967,0.0,0.5274725274725275,0.0,-0.3076923076923077
5.632007598876953,0.0,0.967032967032967,0.0,0.5274725274725275,0.0,-0.3076923076923077
5.653705596923828,0.0,1.1428571428571428,0.0,0.6153846153846154,0.0,-0.3076923076923077
5.675626516342163,0.0,1.4065934065934067,0.0,0.7912087912087912,0.0,-0.21978021978021978
5.697514057159424,0.0,1.4945054945054945,0.0,0.967032967032967,0.0,-0.21978021978021978
5.719473361968994,0.0,1.5824175824175823,0.0,0.967032967032967,0.0,-0.21978021978021978
5.74137282371521,0.0,1.5824175824175823,0.0,0.967032967032967,0.0,-0.21978021978021978
5.763264417648315,0.0,1.4945054945054945,0.0,0.8791208791208791,0.0,-0.21978021978021978
5.785095453262329,0.0,1.3186813186813187,0.0,0.7912087912087912,0.0,-0.21978021978021978
5.806972026824951,0.0,1.2307692307692308,0.0,0.7032967032967034,0.0,-0.21978021978021978
5.828796625137329,0.0,1.2307692307692308,0.0,0.7032967032967034,0.0,-0.21978021978021978
5.850689649581909,0.0,1.2307692307692308,0.0,0.7032967032967034,0.0,-0.21978021978021978
5.872676134109497,0.0,1.4065934065934067,0.0,0.7912087912087912,0.0,-0.21978021978021978
5.89433217048645,0.0,1.4945054945054945,0.0,0.8791208791208791,0.0,-0.21978021978021978
5.916250228881836,0.0,1.4945054945054945,0.0,0.8791208791208791,0.0,-0.21978021978021978
5.938140392303467,0.0,1.4945054945054945,0.0,0.8791208791208791,0.0,-0.21978021978021978
5.95991063117981,0.0,1.4065934065934067,0.0,0.8791208791208791,0.0,-0.21978021978021978
5.9818503856658936,0.0,1.3186813186813187,0.0,0.7912087912087912,0.0,-0.21978021978021978
6.003812074661255,0.0,1.3186813186813187,0.0,0.7912087912087912,0.0,-0.21978021978021978
6.025805711746216,0.0,1.3186813186813187,0.0,0.7912087912087912,0.0,-0.21978021978021978
6.047641038894653,0.0,1.3186813186813187,0.0,0.7912087912087912,0.0,-0.21978021978021978
6.069599151611328,0.0,1.4065934065934067,0.0,0.7912087912087912,0.0,-0.21978021978021978
6.091899394989014,0.0,1.4065934065934067,0.0,0.8791208791208791,0.0,-0.21978021978021978
6.113835573196411,0.0,1.4065934065934067,0.0,0.8791208791208791,0.0,-0.21978021978021978
6.13585901260376,0.0,1.4065934065934067,0.0,0.8791208791208791,0.0,-0.21978021978021978
6.157838582992554,0.0,1.4065934065934067,0.0,0.8791208791208791,0.0,-0.21978021978021978
6.179796934127808,0.0,1.3186813186813187,0.0,0.7912087912087912,0.0,-0.21978021978021978
6.201721668243408,0.0,1.3186813186813187,0.0,0.7912087912087912,0.0,-0.21978021978021978
6.223752498626709,0.0,1.3186813186813187,0.0,0.7912087912087912,0.0,-0.21978021978021978
6.24566912651062,0.0,1.4065934065934067,0.0,0.7912087912087912,0.0,-0.21978021978021978
6.267682075500488,0.0,1.4065934065934067,0.0,0.7912087912087912,0.0,-0.21978021978021978
6.289748907089233,0.0,1.4065934065934067,0.0,0.7912087912087912,0.0,-0.21978021978021978
6.311546564102173,0.0,1.4065934065934067,0.0,0.7912087912087912,0.0,-0.21978021978021978
6.33356499671936,0.0,1.4065934065934067,0.0,0.7912087912087912,0.0,-0.21978021978021978
6.355633020401001,0.0,1.4065934065934067,0.0,0.7912087912087912,0.0,-0.21978021978021978
6.37744140625,0.0,1.4065934065934067,0.0,0.7912087912087912,0.0,-0.21978021978021978
6.399292230606079,0.0,1.4065934065934067,0.0,0.7912087912087912,0.0,-0.21978021978021978
6.507690906524658,0.0,1.4065934065934067,0.0,0.7912087912087912,0.0,-0.21978021978021978
6.529661655426025,0.0,1.4065934065934067,0.0,0.7912087912087912,0.0,-0.21978021978021978
6.551687717437744,0.0,1.4065934065934067,0.0,0.7912087912087912,0.0,-0.21978021978021978
6.573774099349976,0.0,1.4065934065934067,0.0,0.7912087912087912,0.0,-0.21978021978021978
6.595679044723511,0.0,1.4065934065934067,0.0,0.7912087912087912,0.0,-0.21978021978021978
6.617687702178955,0.0,1.4065934065934067,0.0,0.7912087912087912,0.0,-0.21978021978021978
6.639731407165527,0.0,1.4065934065934067,0.0,0.7912087912087912,0.0,-0.21978021978021978
6.66164231300354,0.0,1.4065934065934067,0.0,0.7912087912087912,0.0,-0.21978021978021978
6.683601140975952,0.0,1.4065934065934067,0.0,0.7912087912087912,0.0,-0.21978021978021978
6.705840587615967,0.0,1.4065934065934067,0.0,0.7912087912087912,0.0,-0.21978021978021978
6.7274439334869385,0.0,1.4065934065934067,0.0,0.7912087912087912,0.0,-0.21978021978021978
6.749435663223267,0.0,1.4065934065934067,0.0,0.7912087912087912,0.0,-0.21978021978021978
6.77137017250061,0.0,1.4065934065934067,0.0,0.7912087912087912,0.0,-0.21978021978021978
6.793362140655518,0.0,1.4065934065934067,0.0,0.7912087912087912,0.0,-0.21978021978021978
6.815340042114258,0.0,1.4065934065934067,0.0,0.7912087912087912,0.0,-0.21978021978021978
6.837331771850586,0.0,1.4065934065934067,0.0,0.7912087912087912,0.0,-0.21978021978021978
6.859226942062378,0.0,1.4065934065934067,0.0,0.7912087912087912,0.0,-0.21978021978021978
6.8811936378479,0.0,1.4065934065934067,0.0,0.7912087912087912,0.0,-0.21978021978021978
6.903119325637817,0.0,1.4065934065934067,0.0,0.7912087912087912,0.0,-0.21978021978021978
6.925143480300903,0.0,1.4065934065934067,0.0,0.7912087912087912,0.0,-0.21978021978021978
6.947078704833984,0.0,1.4065934065934067,0.0,0.7912087912087912,0.0,-0.21978021978021978
6.96905255317688,0.0,1.4065934065934067,0.0,0.7912087912087912,0.0,-0.21978021978021978
6.990936756134033,0.0,1.4065934065934067,0.0,0.7912087912087912,0.0,-0.21978021978021978
7.012818098068237,0.0,1.4065934065934067,0.0,0.7912087912087912,0.0,-0.21978021978021978
7.034770250320435,0.0,1.4065934065934067,0.0,0.7912087912087912,0.0,-0.21978021978021978
7.056756019592285,0.0,1.4065934065934067,0.0,0.7912087912087912,0.0,-0.21978021978021978
7.078628301620483,0.0,1.4065934065934067,0.0,0.7912087912087912,0.0,-0.21978021978021978
7.100507974624634,0.0,1.4065934065934067,0.0,0.7912087912087912,0.0,-0.21978021978021978
7.122459650039673,0.0,1.4065934065934067,0.0,0.7912087912087912,0.0,-0.21978021978021978
7.144144296646118,0.0,1.4065934065934067,0.0,0.7912087912087912,0.0,-0.21978021978021978
7.166109323501587,0.0,1.4065934065934067,0.0,0.7912087912087912,0.0,-0.21978021978021978
7.188143491744995,0.0,1.4065934065934067,0.0,0.7912087912087912,0.0,-0.21978021978021978
7.210154294967651,0.0,1.4065934065934067,0.0,0.7912087912087912,0.0,-0.21978021978021978
7.23210883140564,0.0,1.4065934065934067,0.0,0.7912087912087912,0.0,-0.21978021978021978
7.2541422843933105,0.0,1.4065934065934067,0.0,0.7912087912087912,0.0,-0.21978021978021978
7.276118040084839,0.0,1.4065934065934067,0.0,0.7912087912087912,0.0,-0.21978021978021978
7.2980780601501465,0.0,1.4065934065934067,0.0,0.7912087912087912,0.0,-0.21978021978021978
7.31993556022644,0.0,1.4065934065934067,0.0,0.7912087912087912,0.0,-0.21978021978021978
7.341804504394531,0.0,1.4065934065934067,0.0,0.7912087912087912,0.0,-0.21978021978021978
7.363628149032593,0.0,1.4065934065934067,0.0,0.7912087912087912,0.0,-0.21978021978021978
7.38564920425415,0.0,1.4065934065934067,0.0,0.7912087912087912,0.0,-0.21978021978021978
7.407684087753296,0.0,1.4065934065934067,0.0,0.7912087912087912,0.0,-0.21978021978021978
7.4295334815979,0.0,1.4065934065934067,0.0,0.7912087912087912,0.0,-0.21978021978021978
7.451406717300415,0.0,1.4065934065934067,0.0,0.7912087912087912,0.0,-0.21978021978021978
7.473242282867432,0.0,1.4065934065934067,0.0,0.7912087912087912,0.0,-0.21978021978021978
7.494946718215942,0.0,1.4065934065934067,0.0,0.7912087912087912,0.0,-0.21978021978021978
7.516890048980713,0.0,1.4065934065934067,0.0,0.7912087912087912,0.0,-0.21978021978021978
7.538864374160767,0.0,1.4065934065934067,0.0,0.7912087912087912,0.0,-0.21978021978021978
7.560776710510254,0.0,1.4065934065934067,0.0,0.7912087912087912,0.0,-0.21978021978021978
7.582758665084839,0.0,1.4065934065934067,0.0,0.7912087912087912,0.0,-0.21978021978021978
7.604692459106445,0.0,1.4065934065934067,0.0,0.7912087912087912,0.0,-0.21978021978021978
7.626759052276611,0.0,1.4065934065934067,0.0,0.7912087912087912,0.0,-0.21978021978021978
7.6487696170806885,0.0,1.4065934065934067,0.0,0.7912087912087912,0.0,-0.21978021978021978
7.670765399932861,0.0,1.4065934065934067,0.0,0.7912087912087912,0.0,-0.21978021978021978
7.692711114883423,0.0,1.4065934065934067,0.0,0.7912087912087912,0.0,-0.21978021978021978
7.7147376537323,0.0,1.4065934065934067,0.0,0.7912087912087912,0.0,-0.21978021978021978
7.736694097518921,0.0,1.4065934065934067,0.0,0.7912087912087912,0.0,-0.21978021978021978
7.758617401123047,0.0,1.4065934065934067,0.0,0.7912087912087912,0.0,-0.21978021978021978
7.780734062194824,0.0,1.4065934065934067,0.0,0.7912087912087912,0.0,-0.21978021978021978
7.802526950836182,0.0,1.4065934065934067,0.0,0.7912087912087912,0.0,-0.21978021978021978
7.824566602706909,0.0,1.4065934065934067,0.0,0.7912087912087912,0.0,-0.21978021978021978
7.846511125564575,0.0,1.4065934065934067,0.0,0.7912087912087912,0.0,-0.21978021978021978
7.868515491485596,0.0,1.4065934065934067,0.0,0.7912087912087912,0.0,-0.21978021978021978
7.890381813049316,0.0,1.4065934065934067,0.0,0.7912087912087912,0.0,-0.21978021978021978
7.912246465682983,0.0,1.4065934065934067,0.0,0.7912087912087912,0.0,-0.21978021978021978
7.934151887893677,0.0,1.4065934065934067,0.0,0.7912087912087912,0.0,-0.21978021978021978
7.956112861633301,0.0,1.4065934065934067,0.0,0.7912087912087912,0.0,-0.21978021978021978
7.9779744148254395,0.0,1.4065934065934067,0.0,0.7912087912087912,0.0,-0.21978021978021978
7.99993634223938,0.0,1.4065934065934067,0.0,0.7912087912087912,0.0,-0.21978021978021978
8.021777391433716,15.0,1.4065934065934067,15.0,0.7912087912087912,15.0,-0.21978021978021978
8.043672800064087,15.0,1.4065934065934067,15.0,0.7912087912087912,15.0,-0.21978021978021978
8.065528631210327,15.0,1.4065934065934067,15.0,0.8791208791208791,15.0,-0.13186813186813187
8.087480545043945,15.0,1.8461538461538463,15.0,1.3186813186813187,15.0,0.4835164835164835
8.109380722045898,15.0,2.2857142857142856,15.0,2.4615384615384617,15.0,1.6263736263736264
8.13101077079773,15.0,4.043956043956044,15.0,3.4285714285714284,15.0,3.912087912087912
8.153045415878296,15.0,6.153846153846154,15.0,5.538461538461538,15.0,6.197802197802198
8.174973487854004,15.0,8.175824175824175,15.0,8.615384615384615,15.0,8.571428571428571
8.196908473968506,15.0,11.164835164835164,15.0,11.428571428571429,15.0,10.505494505494505
8.218852519989014,15.0,13.45054945054945,15.0,13.362637362637363,15.0,12.351648351648352
8.240875244140625,15.0,15.208791208791208,15.0,14.68131868131868,15.0,13.31868131868132
8.262814998626709,15.0,16.439560439560438,15.0,15.56043956043956,15.0,14.021978021978022
8.284811973571777,15.0,16.615384615384617,15.0,15.912087912087912,15.0,14.373626373626374
8.306768417358398,15.0,16.0,15.0,15.472527472527473,15.0,14.461538461538462
8.328673839569092,15.0,15.208791208791208,15.0,15.12087912087912,15.0,14.373626373626374
8.351060152053833,15.0,14.505494505494505,15.0,14.945054945054945,15.0,14.285714285714286
8.372945070266724,15.0,14.593406593406593,15.0,14.417582417582418,15.0,14.285714285714286
8.394679307937622,15.0,15.208791208791208,15.0,14.153846153846153,15.0,14.373626373626374
8.416653871536255,15.0,15.648351648351648,15.0,15.384615384615385,15.0,14.461538461538462
8.438581466674805,15.0,16.175824175824175,15.0,16.175824175824175,15.0,14.989010989010989
8.46045470237732,15.0,16.615384615384617,15.0,16.175824175824175,15.0,14.989010989010989
8.48246431350708,15.0,16.791208791208792,15.0,16.175824175824175,15.0,14.989010989010989
8.504299402236938,15.0,16.703296703296704,15.0,16.087912087912088,15.0,14.989010989010989
8.526264190673828,15.0,16.35164835164835,15.0,15.648351648351648,15.0,14.813186813186814
8.548152208328247,15.0,16.087912087912088,15.0,15.648351648351648,15.0,14.813186813186814
8.570126056671143,15.0,16.0,15.0,15.648351648351648,15.0,14.813186813186814
8.591909646987915,15.0,16.087912087912088,15.0,15.56043956043956,15.0,14.813186813186814
8.61408805847168,15.0,16.263736263736263,15.0,15.824175824175825,15.0,14.901098901098901
8.635994911193848,15.0,16.52747252747253,15.0,15.912087912087912,15.0,14.901098901098901
8.65796685218811,15.0,16.615384615384617,15.0,16.0,15.0,14.901098901098901
8.679928064346313,15.0,16.52747252747253,15.0,16.0,15.0,14.901098901098901
8.701836109161377,15.0,16.439560439560438,15.0,15.824175824175825,15.0,14.901098901098901
8.723848104476929,15.0,16.263736263736263,15.0,15.736263736263735,15.0,14.901098901098901
8.745735883712769,15.0,16.263736263736263,15.0,15.736263736263735,15.0,14.901098901098901
8.767722129821777,15.0,16.263736263736263,15.0,15.736263736263735,15.0,14.901098901098901
8.789705038070679,15.0,16.35164835164835,15.0,15.824175824175825,15.0,14.901098901098901
8.811605453491211,15.0,16.439560439560438,15.0,15.912087912087912,15.0,14.901098901098901
8.833808422088623,15.0,16.439560439560438,15.0,15.912087912087912,15.0,14.901098901098901
8.855738639831543,15.0,16.439560439560438,15.0,15.912087912087912,15.0,14.901098901098901
8.877448320388794,15.0,16.35164835164835,15.0,15.824175824175825,15.0,14.901098901098901
8.899348497390747,15.0,16.35164835164835,15.0,15.824175824175825,15.0,14.901098901098901
8.921345949172974,15.0,16.35164835164835,15.0,15.824175824175825,15.0,14.901098901098901
8.943346738815308,15.0,16.35164835164835,15.0,15.824175824175825,15.0,14.901098901098901
8.965345621109009,15.0,16.439560439560438,15.0,15.824175824175825,15.0,14.901098901098901
8.98734974861145,15.0,16.439560439560438,15.0,15.824175824175825,15.0,14.901098901098901
9.0093355178833,15.0,16.439560439560438,15.0,15.912087912087912,15.0,14.901098901098901
9.031284093856812,15.0,16.35164835164835,15.0,15.824175824175825,15.0,14.901098901098901
9.053238153457642,15.0,16.35164835164835,15.0,15.824175824175825,15.0,14.901098901098901
9.075170755386353,15.0,16.35164835164835,15.0,15.824175824175825,15.0,14.901098901098901
9.097049474716187,15.0,16.35164835164835,15.0,15.824175824175825,15.0,14.901098901098901
9.119008779525757,15.0,16.35164835164835,15.0,15.824175824175825,15.0,14.901098901098901
9.141026258468628,15.0,16.439560439560438,15.0,15.824175824175825,15.0,14.901098901098901
9.162932872772217,15.0,16.439560439560438,15.0,15.824175824175825,15.0,14.901098901098901
9.184897184371948,15.0,16.439560439560438,15.0,15.824175824175825,15.0,14.901098901098901
9.206836223602295,15.0,16.35164835164835,15.0,15.824175824175825,15.0,14.901098901098901
9.228717803955078,15.0,16.35164835164835,15.0,15.824175824175825,15.0,14.901098901098901
9.250733375549316,15.0,16.35164835164835,15.0,15.824175824175825,15.0,14.901098901098901
9.272661447525024,15.0,16.35164835164835,15.0,15.824175824175825,15.0,14.901098901098901
9.294292211532593,15.0,16.35164835164835,15.0,15.824175824175825,15.0,14.901098901098901
9.31619668006897,15.0,16.35164835164835,15.0,15.824175824175825,15.0,14.901098901098901
9.338161945343018,15.0,16.35164835164835,15.0,15.824175824175825,15.0,14.901098901098901
9.360093593597412,15.0,16.35164835164835,15.0,15.824175824175825,15.0,14.901098901098901
9.381911277770996,15.0,16.35164835164835,15.0,15.824175824175825,15.0,14.901098901098901
9.40391993522644,15.0,16.35164835164835,15.0,15.824175824175825,15.0,14.901098901098901
9.42584753036499,15.0,16.35164835164835,15.0,15.824175824175825,15.0,14.901098901098901
9.447697162628174,15.0,16.35164835164835,15.0,15.824175824175825,15.0,14.901098901098901
9.469544649124146,15.0,16.35164835164835,15.0,15.824175824175825,15.0,14.901098901098901
9.491740942001343,15.0,16.35164835164835,15.0,15.824175824175825,15.0,14.901098901098901
9.513635873794556,15.0,16.35164835164835,15.0,15.824175824175825,15.0,14.901098901098901
9.535909175872803,15.0,16.35164835164835,15.0,15.824175824175825,15.0,14.901098901098901
9.557822942733765,15.0,16.35164835164835,15.0,15.824175824175825,15.0,14.901098901098901
9.579731941223145,15.0,16.35164835164835,15.0,15.824175824175825,15.0,14.901098901098901
9.601777076721191,15.0,16.35164835164835,15.0,15.824175824175825,15.0,14.901098901098901
9.623456001281738,15.0,16.35164835164835,15.0,15.824175824175825,15.0,14.901098901098901
9.645302057266235,15.0,16.35164835164835,15.0,15.824175824175825,15.0,14.901098901098901
9.667141199111938,15.0,16.35164835164835,15.0,15.824175824175825,15.0,14.901098901098901
9.689141511917114,15.0,16.35164835164835,15.0,15.824175824175825,15.0,14.901098901098901
9.710810661315918,15.0,16.35164835164835,15.0,15.824175824175825,15.0,14.901098901098901
9.732834815979004,15.0,16.35164835164835,15.0,15.824175824175825,15.0,14.901098901098901
9.754712104797363,15.0,16.35164835164835,15.0,15.824175824175825,15.0,14.901098901098901
9.776669979095459,15.0,16.35164835164835,15.0,15.824175824175825,15.0,14.901098901098901
9.79875373840332,15.0,16.35164835164835,15.0,15.824175824175825,15.0,14.901098901098901
9.820727586746216,15.0,16.35164835164835,15.0,15.824175824175825,15.0,14.901098901098901
9.84277868270874,15.0,16.35164835164835,15.0,15.824175824175825,15.0,14.901098901098901
9.864757299423218,15.0,16.35164835164835,15.0,15.824175824175825,15.0,14.901098901098901
9.886776447296143,15.0,16.35164835164835,15.0,15.824175824175825,15.0,14.901098901098901
9.908729076385498,15.0,16.35164835164835,15.0,15.824175824175825,15.0,14.901098901098901
9.930734157562256,15.0,16.35164835164835,15.0,15.824175824175825,15.0,14.901098901098901
9.952714681625366,15.0,16.35164835164835,15.0,15.824175824175825,15.0,14.901098901098901
9.974542379379272,15.0,16.35164835164835,15.0,15.824175824175825,15.0,14.901098901098901
9.996635437011719,15.0,16.35164835164835,15.0,15.824175824175825,15.0,14.901098901098901
10.018936395645142,15.0,16.35164835164835,15.0,15.824175824175825,15.0,14.901098901098901
10.040965795516968,15.0,16.35164835164835,15.0,15.824175824175825,15.0,14.901098901098901
10.062875986099243,15.0,16.35164835164835,15.0,15.824175824175825,15.0,14.901098901098901
10.084807395935059,15.0,16.35164835164835,15.0,15.824175824175825,15.0,14.901098901098901
10.10677456855774,15.0,16.35164835164835,15.0,15.824175824175825,15.0,14.901098901098901
10.128568649291992,15.0,16.35164835164835,15.0,15.824175824175825,15.0,14.901098901098901
10.150583744049072,15.0,16.35164835164835,15.0,15.824175824175825,15.0,14.901098901098901
10.172489166259766,15.0,16.35164835164835,15.0,15.824175824175825,15.0,14.901098901098901
10.194146871566772,15.0,16.35164835164835,15.0,15.824175824175825,15.0,14.901098901098901
10.216125726699829,15.0,16.35164835164835,15.0,15.824175824175825,15.0,14.901098901098901
10.238142490386963,15.0,16.35164835164835,15.0,15.824175824175825,15.0,14.901098901098901
10.260091781616211,15.0,16.35164835164835,15.0,15.824175824175825,15.0,14.901098901098901
10.28199052810669,15.0,16.35164835164835,15.0,15.824175824175825,15.0,14.901098901098901
10.30385947227478,15.0,16.35164835164835,15.0,15.824175824175825,15.0,14.901098901098901
10.325746774673462,15.0,16.35164835164835,15.0,15.824175824175825,15.0,14.901098901098901
10.347645998001099,15.0,16.35164835164835,15.0,15.824175824175825,15.0,14.901098901098901
10.369581460952759,15.0,16.35164835164835,15.0,15.824175824175825,15.0,14.901098901098901
10.391478538513184,15.0,16.35164835164835,15.0,15.824175824175825,15.0,14.901098901098901
10.413275480270386,15.0,16.35164835164835,15.0,15.824175824175825,15.0,14.901098901098901
10.435172080993652,15.0,16.35164835164835,15.0,15.824175824175825,15.0,14.901098901098901
10.45709228515625,15.0,16.35164835164835,15.0,15.824175824175825,15.0,14.901098901098901
10.479022979736328,15.0,16.35164835164835,15.0,15.824175824175825,15.0,14.901098901098901
10.50093126296997,15.0,16.35164835164835,15.0,15.824175824175825,15.0,14.901098901098901
10.522902250289917,15.0,16.35164835164835,15.0,15.824175824175825,15.0,14.901098901098901
10.54476022720337,15.0,16.35164835164835,15.0,15.824175824175825,15.0,14.901098901098901
10.566779136657715,15.0,16.35164835164835,15.0,15.824175824175825,15.0,14.901098901098901
10.588809967041016,15.0,16.35164835164835,15.0,15.824175824175825,15.0,14.901098901098901
10.610715866088867,15.0,16.35164835164835,15.0,15.824175824175825,15.0,14.901098901098901
10.632444143295288,15.0,16.35164835164835,15.0,15.824175824175825,15.0,14.901098901098901
10.654644250869751,15.0,16.35164835164835,15.0,15.824175824175825,15.0,14.901098901098901
10.676834344863892,15.0,16.35164835164835,15.0,15.824175824175825,15.0,14.901098901098901
10.698820352554321,15.0,16.35164835164835,15.0,15.824175824175825,15.0,14.901098901098901
10.720777750015259,15.0,16.35164835164835,15.0,15.824175824175825,15.0,14.901098901098901
10.742780447006226,15.0,16.35164835164835,15.0,15.824175824175825,15.0,14.901098901098901
10.764729738235474,15.0,16.35164835164835,15.0,15.824175824175825,15.0,14.901098901098901
10.786783933639526,15.0,16.35164835164835,15.0,15.824175824175825,15.0,14.901098901098901
10.808769702911377,15.0,16.35164835164835,15.0,15.824175824175825,15.0,14.901098901098901
10.83073377609253,15.0,16.35164835164835,15.0,15.824175824175825,15.0,14.901098901098901
10.852787494659424,15.0,16.35164835164835,15.0,15.824175824175825,15.0,14.901098901098901
10.874619245529175,15.0,16.35164835164835,15.0,15.824175824175825,15.0,14.901098901098901
10.89675235748291,15.0,16.35164835164835,15.0,15.824175824175825,15.0,14.901098901098901
10.918450117111206,15.0,16.35164835164835,15.0,15.824175824175825,15.0,14.901098901098901
10.940494060516357,15.0,16.35164835164835,15.0,15.824175824175825,15.0,14.901098901098901
10.962304592132568,15.0,16.35164835164835,15.0,15.824175824175825,15.0,14.901098901098901
10.984254121780396,15.0,16.35164835164835,15.0,15.824175824175825,15.0,14.901098901098901
11.006184577941895,0.0,16.35164835164835,0.0,15.824175824175825,0.0,14.901098901098901
11.028029203414917,0.0,16.35164835164835,0.0,15.824175824175825,0.0,14.901098901098901
11.050045251846313,0.0,16.35164835164835,0.0,15.824175824175825,0.0,14.813186813186814
11.072012186050415,0.0,16.263736263736263,0.0,15.648351648351648,0.0,14.461538461538462
11.093992710113525,0.0,15.648351648351648,0.0,14.945054945054945,0.0,13.31868131868132
11.115922451019287,0.0,14.417582417582418,0.0,13.626373626373626,0.0,11.384615384615385
11.137835025787354,0.0,12.835164835164836,0.0,11.692307692307692,0.0,9.186813186813186
11.159790754318237,0.0,10.989010989010989,0.0,9.494505494505495,0.0,6.813186813186813
11.181795120239258,0.0,8.87912087912088,0.0,7.384615384615385,0.0,5.054945054945055
11.203731775283813,0.0,6.681318681318682,0.0,5.626373626373627,0.0,3.6483516483516483
11.225610733032227,0.0,4.483516483516484,0.0,4.395604395604396,0.0,2.5934065934065935
11.247550010681152,0.0,3.2527472527472527,0.0,3.2527472527472527,0.0,1.978021978021978
11.269755363464355,0.0,2.5494505494505493,0.0,2.021978021978022,0.0,1.5384615384615385
11.291695833206177,0.0,2.197802197802198,0.0,1.5824175824175823,0.0,1.098901098901099
11.313556909561157,0.0,2.10989010989011,0.0,2.10989010989011,0.0,1.010989010989011
11.335766792297363,0.0,2.197802197802198,0.0,2.2857142857142856,0.0,1.2747252747252746
11.357680559158325,0.0,2.4615384615384617,0.0,2.2857142857142856,0.0,1.1868131868131868
11.37953495979309,0.0,2.5494505494505493,0.0,2.4615384615384617,0.0,1.1868131868131868
11.40149211883545,0.0,2.5494505494505493,0.0,2.4615384615384617,0.0,1.1868131868131868
11.423414945602417,0.0,2.5494505494505493,0.0,2.3736263736263736,0.0,1.1868131868131868
11.445328950881958,0.0,2.2857142857142856,0.0,2.197802197802198,0.0,1.098901098901099
11.467271327972412,0.0,2.021978021978022,0.0,2.10989010989011,0.0,1.098901098901099
11.489257335662842,0.0,1.8461538461538463,0.0,2.021978021978022,0.0,1.010989010989011
11.51079511642456,0.0,1.7582417582417582,0.0,2.021978021978022,0.0,0.9230769230769231
11.532522678375244,0.0,1.8461538461538463,0.0,2.021978021978022,0.0,0.9230769230769231
11.554728269577026,0.0,1.934065934065934,0.0,2.197802197802198,0.0,0.9230769230769231
11.576621294021606,0.0,2.021978021978022,0.0,2.197802197802198,0.0,0.8351648351648352
11.5988290309906,0.0,2.021978021978022,0.0,2.197802197802198,0.0,0.8351648351648352
11.620841026306152,0.0,2.021978021978022,0.0,2.197802197802198,0.0,0.8351648351648352
11.642882347106934,0.0,1.934065934065934,0.0,2.197802197802198,0.0,0.8351648351648352
11.664788961410522,0.0,1.934065934065934,0.0,2.197802197802198,0.0,0.8351648351648352
11.686782836914062,0.0,1.8461538461538463,0.0,2.10989010989011,0.0,0.8351648351648352
11.708784341812134,0.0,1.8461538461538463,0.0,2.10989010989011,0.0,0.7472527472527473
11.730680465698242,0.0,1.934065934065934,0.0,2.10989010989011,0.0,0.7472527472527473
11.752671241760254,0.0,1.934065934065934,0.0,2.197802197802198,0.0,0.7472527472527473
11.774641990661621,0.0,2.021978021978022,0.0,2.197802197802198,0.0,0.7472527472527473
11.79684329032898,0.0,2.021978021978022,0.0,2.197802197802198,0.0,0.7472527472527473
11.8187837600708,0.0,1.934065934065934,0.0,2.197802197802198,0.0,0.7472527472527473
11.840790748596191,0.0,1.934065934065934,0.0,2.10989010989011,0.0,0.7472527472527473
11.862728357315063,0.0,1.934065934065934,0.0,2.10989010989011,0.0,0.7472527472527473
11.884675979614258,0.0,1.934065934065934,0.0,2.10989010989011,0.0,0.7472527472527473
11.906663656234741,0.0,1.934065934065934,0.0,2.10989010989011,0.0,0.7472527472527473
11.928552865982056,0.0,1.934065934065934,0.0,2.10989010989011,0.0,0.7472527472527473
11.950672626495361,0.0,1.934065934065934,0.0,2.197802197802198,0.0,0.7472527472527473
11.972625732421875,0.0,1.934065934065934,0.0,2.197802197802198,0.0,0.7472527472527473
11.994732856750488,0.0,1.934065934065934,0.0,2.197802197802198,0.0,0.7472527472527473
12.016614198684692,0.0,1.934065934065934,0.0,2.197802197802198,0.0,0.7472527472527473
12.03860068321228,0.0,1.934065934065934,0.0,2.10989010989011,0.0,0.7472527472527473
12.060503005981445,0.0,1.934065934065934,0.0,2.10989010989011,0.0,0.7472527472527473
12.082520484924316,0.0,1.934065934065934,0.0,2.10989010989011,0.0,0.7472527472527473
12.104544401168823,0.0,1.934065934065934,0.0,2.197802197802198,0.0,0.7472527472527473
12.126679420471191,0.0,1.934065934065934,0.0,2.197802197802198,0.0,0.7472527472527473
12.148926973342896,0.0,1.934065934065934,0.0,2.197802197802198,0.0,0.7472527472527473
12.170872688293457,0.0,1.934065934065934,0.0,2.197802197802198,0.0,0.7472527472527473
12.192589282989502,0.0,1.934065934065934,0.0,2.197802197802198,0.0,0.7472527472527473
12.21437406539917,0.0,1.934065934065934,0.0,2.197802197802198,0.0,0.7472527472527473
12.236355781555176,0.0,1.934065934065934,0.0,2.197802197802198,0.0,0.7472527472527473
12.258251667022705,0.0,1.934065934065934,0.0,2.197802197802198,0.0,0.7472527472527473
12.280048847198486,0.0,1.934065934065934,0.0,2.197802197802198,0.0,0.7472527472527473
12.301918268203735,0.0,1.934065934065934,0.0,2.197802197802198,0.0,0.7472527472527473
12.32387924194336,0.0,1.934065934065934,0.0,2.197802197802198,0.0,0.7472527472527473
12.34580135345459,0.0,1.934065934065934,0.0,2.197802197802198,0.0,0.7472527472527473
12.367789030075073,0.0,1.934065934065934,0.0,2.197802197802198,0.0,0.7472527472527473
12.389748096466064,0.0,1.934065934065934,0.0,2.197802197802198,0.0,0.7472527472527473
12.411667108535767,0.0,1.934065934065934,0.0,2.197802197802198,0.0,0.7472527472527473
12.433625936508179,0.0,1.934065934065934,0.0,2.197802197802198,0.0,0.7472527472527473
12.455912113189697,0.0,1.934065934065934,0.0,2.197802197802198,0.0,0.7472527472527473
12.477462530136108,0.0,1.934065934065934,0.0,2.197802197802198,0.0,0.7472527472527473
12.49965763092041,0.0,1.934065934065934,0.0,2.197802197802198,0.0,0.7472527472527473
12.521588802337646,0.0,1.934065934065934,0.0,2.197802197802198,0.0,0.7472527472527473
12.543588638305664,0.0,1.934065934065934,0.0,2.197802197802198,0.0,0.7472527472527473
12.565595388412476,0.0,1.934065934065934,0.0,2.197802197802198,0.0,0.7472527472527473
12.587547302246094,0.0,1.934065934065934,0.0,2.197802197802198,0.0,0.7472527472527473
12.60973834991455,0.0,1.934065934065934,0.0,2.197802197802198,0.0,0.7472527472527473
12.631589889526367,0.0,1.934065934065934,0.0,2.197802197802198,0.0,0.7472527472527473
12.653489589691162,0.0,1.934065934065934,0.0,2.197802197802198,0.0,0.7472527472527473
12.675400257110596,0.0,1.934065934065934,0.0,2.197802197802198,0.0,0.7472527472527473
12.697307109832764,0.0,1.934065934065934,0.0,2.197802197802198,0.0,0.7472527472527473
12.719262599945068,0.0,1.934065934065934,0.0,2.197802197802198,0.0,0.7472527472527473
12.741210222244263,0.0,1.934065934065934,0.0,2.197802197802198,0.0,0.7472527472527473
12.763092279434204,0.0,1.934065934065934,0.0,2.197802197802198,0.0,0.7472527472527473
12.785059928894043,0.0,1.934065934065934,0.0,2.197802197802198,0.0,0.7472527472527473
12.807053089141846,0.0,1.934065934065934,0.0,2.197802197802198,0.0,0.7472527472527473
12.828673839569092,0.0,1.934065934065934,0.0,2.197802197802198,0.0,0.7472527472527473
12.85066270828247,0.0,1.934065934065934,0.0,2.197802197802198,0.0,0.7472527472527473
12.872828483581543,0.0,1.934065934065934,0.0,2.197802197802198,0.0,0.7472527472527473
12.894705295562744,0.0,1.934065934065934,0.0,2.197802197802198,0.0,0.7472527472527473
12.916608572006226,0.0,1.934065934065934,0.0,2.197802197802198,0.0,0.7472527472527473
12.93859076499939,0.0,1.934065934065934,0.0,2.197802197802198,0.0,0.7472527472527473
12.96051549911499,0.0,1.934065934065934,0.0,2.197802197802198,0.0,0.7472527472527473
12.982499122619629,0.0,1.934065934065934,0.0,2.197802197802198,0.0,0.7472527472527473
13.004497528076172,0.11303460753904127,1.934065934065934,17.267702433536297,2.197802197802198,-17.378825750101328,0.7472527472527473
13.026466369628906,0.6650497974170535,1.934065934065934,16.98257971519854,2.197802197802198,-17.64543001184046,0.7472527472527473
13.048418998718262,1.2161514498810528,1.934065934065934,16.68473941826249,2.197802197802198,-17.89840504456851,0.6593406593406593
13.070353746414185,1.7658799996101437,1.934065934065934,16.37446065090501,2.5494505494505493,-18.13757062662077,-0.13186813186813187
13.092362642288208,2.3161179815850508,1.934065934065934,16.05063002432589,3.6923076923076925,-18.363694936374838,-1.7142857142857142
13.114318132400513,2.8632560300100875,1.8461538461538463,15.71535296196976,5.802197802197802,-18.575275890167383,-4.175824175824176
13.136276483535767,3.408285523537016,2.021978021978022,15.368067915999841,8.263736263736265,-18.77274280650046,-7.076923076923077
13.158244848251343,3.9509667848758796,2.5494505494505493,15.008915860916193,10.813186813186814,-18.95599710588437,-9.802197802197803
13.180195569992065,4.490205087716855,3.2527472527472527,14.638628290357858,12.923076923076923,-19.12467610945797,-12.175824175824175
13.202054262161255,5.0237883270280985,4.043956043956044,14.258825151206533,14.505494505494505,-19.278188762988083,-13.846153846153847
13.223992824554443,5.55550966743184,5.010989010989011,13.866817734461534,15.032967032967033,-19.4176376196543,-14.901098901098901
13.245988368988037,6.084373120912727,5.626373626373627,13.46321264942808,15.032967032967033,-19.542633810903144,-15.604395604395604
13.267849206924438,6.60539297959939,6.065934065934066,13.051887862701046,14.945054945054945,-19.652072059243686,-16.21978021978022
13.28984808921814,7.124670237822025,6.241758241758242,12.62802370830389,14.68131868131868,-19.74723068603694,-16.835164835164836
13.311730146408081,7.635789356625665,6.417582417582418,12.196836609774973,14.505494505494505,-19.826913722036902,-17.45054945054945
13.333625793457031,8.141447167651473,6.769230769230769,11.756151394866109,14.417582417582418,-19.891641502232822,-17.978021978021978
13.355618000030518,8.643130286148114,7.2967032967032965,11.304564654545075,14.417582417582418,-19.941496524617108,-18.32967032967033
13.377456665039062,9.134779812604831,8.0,10.847586691910035,14.32967032967033,-19.97593310163373,-18.505494505494507
13.399363040924072,9.621042017322875,8.703296703296703,10.380985030204277,14.241758241758241,-19.995362796906452,-18.593406593406595
13.421262741088867,10.099868939053733,9.31868131868132,9.906662793177029,14.241758241758241,-19.99964175181542,-18.681318681318682
13.443130016326904,10.570355416594,9.758241758241759,9.42555698964665,14.241758241758241,-19.98880223637385,-18.681318681318682
13.465092182159424,11.034849723413458,10.197802197802197,8.935200759220193,14.065934065934066,-19.96272457166912,-18.681318681318682
13.486948013305664,11.488752134242137,10.637362637362637,8.440462143864396,13.538461538461538,-19.921679209501022,-18.681318681318682
13.508868217468262,11.935287164053568,11.076923076923077,7.937872177511515,12.923076923076923,-19.865420208042906,-18.76923076923077
13.53063702583313,12.369776940432777,11.604395604395604,7.432792191128971,12.307692307692308,-19.794633153330526,-18.76923076923077
13.552619934082031,12.799145922750533,12.043956043956044,6.917101823830515,11.868131868131869,-19.70811901431651,-18.76923076923077
13.574610710144043,13.218896696555877,12.571428571428571,6.3959458923582,11.428571428571429,-19.606527239739474,-18.76923076923077
13.596564531326294,13.627873578187316,13.010989010989011,5.870793802929243,10.901098901098901,-19.490172062269068,-18.76923076923077
13.618407249450684,14.024488360067547,13.362637362637363,5.343864609581876,10.461538461538462,-19.359685008043954,-18.76923076923077
13.640384674072266,14.412884994788726,13.802197802197803,4.809623410329334,9.846153846153847,-19.213673326986587,-18.76923076923077
13.662282943725586,14.788949918572975,14.241758241758241,4.273657432974332,9.23076923076923,-19.053612460666603,-18.76923076923077
13.684146881103516,15.15325348448782,14.505494505494505,3.735303117628611,8.703296703296703,-18.879408943924044,-18.76923076923077
13.706096172332764,15.507473693721508,14.945054945054945,3.192011623076691,8.087912087912088,-18.69019124047044,-18.76923076923077
13.728021621704102,15.849531377198353,15.296703296703297,2.6468857963470995,7.56043956043956,-18.48698389689657,-18.76923076923077
13.75002145767212,16.18065686839635,15.56043956043956,2.097891547310829,7.1208791208791204,-18.268982663708915,-18.681318681318682
13.771880388259888,16.497414684820292,16.0,1.5508247015514764,6.593406593406593,-18.0385492477679,-18.681318681318682
13.793730974197388,16.80161169359594,16.263736263736263,1.002797243008788,5.978021978021978,-17.794601765740545,-18.681318681318682
13.815643310546875,17.09394753883775,16.615384615384617,0.4524622085814867,5.450549450549451,-17.536492638718414,-18.681318681318682
13.837671995162964,17.37477160707247,16.967032967032967,-0.10113998609458684,4.923076923076923,-17.263611569741087,-18.417582417582416
13.85968565940857,17.64210447773464,17.318681318681318,-0.6542873815931404,4.3076923076923075,-16.97770184253292,-18.153846153846153
13.881656408309937,17.895455972251927,17.67032967032967,-1.205857498114014,3.78021978021978,-16.679395921312683,-17.89010989010989
13.903619289398193,18.13508376656174,17.934065934065934,-1.756311507005295,3.2527472527472527,-16.368490211209675,-17.626373626373628
13.9256010055542,18.36108616422401,18.197802197802197,-2.3058979947295857,2.7252747252747254,-16.044834399143802,-17.36263736263736
13.947448968887329,18.571832121873122,18.46153846153846,-2.8503979000522977,2.2857142857142856,-15.711016993577706,-17.0989010989011
13.969420909881592,18.769656207214563,18.725274725274726,-3.3958200791954325,1.6703296703296704,-15.363363000581199,-16.747252747252748
13.991364479064941,18.952944400489223,18.9010989010989,-3.9379545064056365,1.054945054945055,-15.00446890788,-16.483516483516482
14.013292789459229,19.121709553987976,19.076923076923077,-4.4767209929470475,0.43956043956043955,-14.634427740508198,-16.13186813186813
14.035250902175903,19.27615565417233,19.252747252747252,-5.012813499054608,-0.08791208791208792,-14.252749481115215,-15.780219780219781
14.057174921035767,19.4157203402643,19.428571428571427,-5.5442662337810935,-0.6153846153846154,-13.860837674378082,-15.428571428571429
14.079002141952515,19.540030199575487,19.692307692307693,-6.069192926975378,-1.1428571428571428,-13.4602051916845,-15.076923076923077
14.101086854934692,19.650845131031122,19.78021978021978,-6.595663574536586,-1.7582417582417582,-13.044541782766402,-14.637362637362637
14.123087644577026,19.74619111143452,19.956043956043956,-7.115083373483875,-2.197802197802198,-12.620468448215687,-14.285714285714286
14.145024299621582,19.826232960619254,20.13186813186813,-7.6275750289277875,-2.7252747252747254,-12.188027220719036,-13.934065934065934
14.166922092437744,19.891107908408625,20.21978021978022,-8.133378509803816,-3.2527472527472527,-11.74711530759253,-13.494505494505495
14.188849687576294,19.94097943396013,20.307692307692307,-8.633699281047392,-3.78021978021978,-11.296690757550195,-13.054945054945055
14.210785388946533,19.975721175031378,20.307692307692307,-9.127646353004522,-4.21978021978022,-10.83751817570273,-12.615384615384615
14.232717752456665,19.995283681767248,20.307692307692307,-9.614584743220114,-4.747252747252747,-10.37018305531479,-12.263736263736265
14.25463342666626,19.999660981741467,20.307692307692307,-10.09385815558565,-5.274725274725275,-9.895335653354183,-11.736263736263735
14.276622295379639,19.988808965937793,20.307692307692307,-10.56703821574481,-5.714285714285714,-9.411360428643489,-11.384615384615385
14.298614740371704,19.962690399792976,20.307692307692307,-11.032225520348167,-6.329670329670329,-8.920119368406278,-10.945054945054945
14.320432186126709,19.92171500308945,20.307692307692307,-11.485386808055281,-6.769230769230769,-8.426054786041842,-10.505494505494505
14.3424232006073,19.86526094540112,20.307692307692307,-11.933416344574033,-7.2967032967032965,-7.921651681456856,-9.978021978021978
14.364409923553467,19.793652645044155,20.307692307692307,-12.37224843052201,-7.736263736263736,-7.411299550405015,-9.45054945054945
14.386433839797974,19.706775770099615,20.307692307692307,-12.802354566948278,-8.263736263736265,-6.8944126763314015,-8.923076923076923
14.408419609069824,19.604994787755327,20.307692307692307,-13.221935849592194,-8.703296703296703,-6.373154027954088,-8.483516483516484
14.430682897567749,19.486681100732596,20.307692307692307,-13.636528296199632,-9.142857142857142,-5.840360522313483,-7.956043956043956
14.452585458755493,19.355401222725476,20.307692307692307,-14.033990168591695,-9.582417582417582,-5.311737054216992,-7.428571428571429
14.474457263946533,19.20967480917437,20.307692307692307,-14.420285701770627,-10.021978021978022,-4.779840536357229,-6.989010989010989
14.496281623840332,19.04980113162026,20.307692307692307,-14.794886189857072,-10.461538461538462,-4.245498716855876,-6.461538461538462
14.517915725708008,18.87718026941934,20.307692307692307,-15.155239667077664,-10.813186813186814,-3.7126625597215006,-5.934065934065934
14.54017972946167,18.68496842656434,20.307692307692307,-15.514388300563544,-11.252747252747254,-3.161451447195165,-5.318681318681318
14.56196403503418,18.482741307627393,20.307692307692307,-15.854047106654594,-11.604395604395604,-2.6197185844423254,-4.791208791208791
14.584041118621826,18.263666657746253,20.307692307692307,-16.186149070787984,-11.956043956043956,-2.068703951301121,-4.263736263736264
14.606036186218262,18.031427830275128,20.307692307692307,-16.504629765502767,-12.395604395604396,-1.5181525537722398,-3.7362637362637363
14.627940654754639,17.78645594234442,20.307692307692307,-16.80926866780393,-12.659340659340659,-0.9687157595116678,-3.2967032967032965
14.65018343925476,17.52391209119333,20.307692307692307,-17.105579773436148,-13.010989010989011,-0.4100440531093378,-2.681318681318681
14.671958923339844,17.253621079146953,20.307692307692307,-17.38272223378906,-13.274725274725276,0.1372037455479945,-2.1538461538461537
14.693942785263062,16.9676398118549,20.307692307692307,-17.64931365596952,-13.626373626373626,0.6895828309025172,-1.6263736263736264
14.715940475463867,16.66851792286749,20.307692307692307,-17.902591248439453,-13.978021978021978,1.2417825451901818,-1.098901098901099
14.73762845993042,16.36113770199275,20.307692307692307,-18.138912080670725,-14.241758241758241,1.7852808761891454,-0.4835164835164835
14.759682416915894,16.03611073884977,20.21978021978022,-18.365404477490845,-14.505494505494505,2.336588376892163,0.04395604395604396
14.7816321849823,15.700390188511165,20.21978021978022,-18.576822163664936,-14.76923076923077,2.8835101920735835,0.5714285714285714
14.80381464958191,15.34897653879522,20.13186813186813,-18.776122430629126,-15.032967032967033,3.4339999228610916,1.098901098901099
14.825811862945557,14.988719954451552,19.86813186813187,-18.95935221923973,-15.208791208791208,3.977258722730995,1.7142857142857142
14.84776520729065,14.617763598846416,19.692307692307693,-19.12777390493902,-15.384615384615385,4.516404596807508,2.32967032967033
14.869812965393066,14.234016092450588,19.428571428571427,-19.282269168220243,-15.56043956043956,5.054409303452966,2.857142857142857
14.891762971878052,13.841116417511554,19.076923076923077,-19.421377315596427,-15.824175824175825,5.586175423960796,3.3846153846153846
14.913750648498535,13.43698540556153,18.63736263736264,-19.545910606290263,-16.0,6.114593098832736,3.912087912087912
14.935580730438232,13.025602479658637,18.197802197802197,-19.654790256928848,-16.175824175824175,6.634606534381337,4.43956043956044
14.957463026046753,12.603398965475192,17.846153846153847,-19.749087046163734,-16.35164835164835,7.1508530088328905,4.967032967032967
14.979657173156738,12.16544598825761,17.406593406593405,-19.829474414993573,-16.615384615384617,7.668931920389096,5.4945054945054945
15.001833200454712,11.718399760466113,16.967032967032967,-19.894391666118075,-16.703296703296704,8.18063036892628,5.934065934065934
15.023849725723267,11.265566328214302,16.52747252747253,-19.943559744914808,-16.703296703296704,8.682365192199292,6.549450549450549
15.045759439468384,10.80636917924949,16.087912087912088,-19.977335399422888,-16.703296703296704,9.175069279527104,6.989010989010989
15.067697525024414,10.338370469914633,15.648351648351648,-19.99598266001589,-16.703296703296704,9.66144306928933,7.604395604395604
15.089521884918213,9.865001477829113,15.296703296703297,-19.99945511329999,-16.703296703296704,10.138010856391826,8.043956043956044
15.111380815505981,9.383445735095943,14.857142857142858,-19.98785572320636,-16.703296703296704,10.607690435642125,8.571428571428571
15.133214950561523,8.895368481771031,14.417582417582418,-19.96121460975193,-16.703296703296704,11.06884764516342,9.098901098901099
15.155171632766724,8.397799846302195,13.89010989010989,-19.919271002462526,-16.703296703296704,11.524189899335255,9.626373626373626
15.177064895629883,7.895302884252357,13.362637362637363,-19.86235065348154,-16.703296703296704,11.969482494272135,10.065934065934066
15.198820352554321,7.390048757267498,12.923076923076923,-19.790897176165565,-16.703296703296704,12.402999087722062,10.593406593406593
15.220684289932251,6.876711495404085,12.307692307692308,-19.704185797546273,-16.703296703296704,12.82933787933578,10.945054945054945
15.24258041381836,6.357416511569335,11.780219780219781,-19.60244063506421,-16.703296703296704,13.246598776737756,11.472527472527473
15.264466762542725,5.8335436149142925,11.252747252747254,-19.485910714055173,-16.703296703296704,13.653651766086487,11.912087912087912
15.286372661590576,5.304784600621147,10.725274725274724,-19.35451825805491,-16.703296703296704,14.050727106116494,12.351648351648352
15.308382272720337,4.7694746658870715,10.197802197802197,-19.207734092110083,-16.703296703296704,14.438959520119855,12.703296703296703
15.330322980880737,4.232208978139418,9.67032967032967,-19.046785837075205,-16.703296703296704,14.814983983180884,13.142857142857142
15.35208010673523,3.6962607637329628,9.142857142857142,-18.872886894351815,-16.703296703296704,15.176742430336066,13.494505494505495
15.374002695083618,3.153443251875701,8.615384615384615,-18.683397494232526,-16.703296703296704,15.529777418464054,14.021978021978022
15.395909547805786,2.608624741002274,8.087912087912088,-18.47988078328694,-16.703296703296704,15.870786439171983,14.373626373626374
15.417879104614258,2.060261889621752,7.56043956043956,-18.26171753935514,-16.703296703296704,16.200692786982568,14.725274725274724
15.439799547195435,1.5115596779177711,7.032967032967033,-18.03017053485763,-16.703296703296704,16.517555969444164,15.164835164835164
15.461600542068481,0.9647091556976882,6.5054945054945055,-17.786316401831254,-16.703296703296704,16.820262718631575,15.428571428571429
15.483575105667114,0.41277330958344016,5.8901098901098905,-17.52701303970099,-16.703296703296704,17.112604278358752,15.868131868131869
15.50544023513794,-0.1367269569189004,5.274725274725275,-17.255736218519672,-16.703296703296704,17.390539485583535,16.13186813186813
15.52736783027649,-0.687693013793078,4.747252747252747,-16.970602156062323,-16.703296703296704,17.656083877101135,16.483516483516482
15.549290180206299,-1.2380053787742482,4.043956043956044,-16.67265628737512,-16.703296703296704,17.90816451755574,16.747252747252748
15.571199178695679,-1.7870440447409512,3.4285714285714284,-16.362251034384297,-16.703296703296704,18.14651414202053,17.01098901098901
15.59308648109436,-2.3341866757198684,2.901098901098901,-16.039769829491707,-16.52747252747253,18.370894165221735,17.36263736263736
15.615064859390259,-2.8818287438388634,2.197802197802198,-15.70373806314819,-16.263736263736263,18.582224224421367,17.626373626373628
15.637028932571411,-3.426918481916386,1.5824175824175823,-15.355958586102068,-16.0,18.779256972306257,17.802197802197803
15.659013748168945,-3.9699086739637823,1.054945054945055,-14.996136634873247,-15.56043956043956,18.962150199516973,18.065934065934066
15.681046962738037,-4.511054097661651,0.5274725274725275,-14.624039895230732,-15.208791208791208,19.13092624724994,18.32967032967033
15.702977418899536,-5.0462425146509124,-0.08791208791208792,-14.242546145674702,-14.857142857142858,19.284352722084197,18.505494505494507
15.724915981292725,-5.577794313924364,-0.6153846153846154,-13.850089209525528,-14.505494505494505,19.423182664152684,18.76923076923077
15.746604681015015,-6.099126732364159,-1.054945054945055,-13.451754103182045,-14.241758241758241,19.545921583497687,18.945054945054945
15.768715143203735,-6.625931202044134,-1.5824175824175823,-13.035389884569133,-13.89010989010989,19.656102210102993,19.12087912087912
15.790677785873413,-7.144150922421131,-2.10989010989011,-12.61184660420403,-13.45054945054945,19.75052474932052,19.208791208791208
15.812286615371704,-7.648713661104828,-2.7252747252747254,-12.185749724405209,-13.010989010989011,19.8287448649043,19.384615384615383
15.834293127059937,-8.156763708854484,-3.340659340659341,-11.742578764158601,-12.483516483516484,19.893378021134748,19.560439560439562
15.85617446899414,-8.655740358060818,-3.868131868131868,-11.293024694508135,-12.043956043956044,19.94256059010143,19.64835164835165
15.87771725654602,-9.140605655103688,-4.395604395604396,-10.842083756354254,-11.692307692307692,19.976253233481867,19.64835164835165
15.899611473083496,-9.626515421445077,-4.923076923076923,-10.37564768783978,-11.252747252747254,19.995496269337167,19.736263736263737
15.921461582183838,-10.104182014281289,-5.450549450549451,-9.902321208147262,-10.725274725274724,19.99961121611818,19.824175824175825
15.94307017326355,-10.569078590490795,-5.978021978021978,-9.426883485972605,-10.373626373626374,19.98885250192694,19.824175824175825
15.965004444122314,-11.033010573099116,-6.5054945054945055,-8.937173503717599,-10.021978021978022,19.962859016737223,19.824175824175825
15.986910104751587,-11.487972252618427,-7.032967032967033,-8.441325879481465,-9.494505494505495,19.92176342139922,19.824175824175825
16.008796453475952,-11.93383985631331,-7.472527472527473,-7.939527629587616,-9.054945054945055,19.865629010964554,19.824175824175825
16.03044295310974,-12.365943801939947,-8.0,-7.437320203086295,-8.527472527472527,19.79532975568101,19.824175824175825
16.052454233169556,-12.795945585924661,-8.527472527472527,-6.9210091910012705,-8.087912087912088,19.708827474567215,19.824175824175825
16.07451057434082,-13.217007983004363,-8.967032967032967,-6.39833036759158,-7.56043956043956,19.607023836903615,19.824175824175825
16.09614396095276,-13.620135248245884,-9.406593406593407,-5.880897423708033,-7.032967032967033,19.492540740481104,19.824175824175825
16.11825656890869,-14.02178819182871,-9.846153846153847,-5.347513844218743,-6.417582417582418,19.360635243184824,19.824175824175825
16.14014720916748,-14.408746608879145,-10.285714285714286,-4.815416197779819,-5.8901098901098905,19.215329498426975,19.824175824175825
16.161906957626343,-14.782586688931232,-10.725274725274724,-4.282888261203246,-5.450549450549451,19.056482746058144,19.824175824175825
16.183749198913574,-15.146728494273544,-11.076923076923077,-3.7451216309792956,-4.923076923076923,18.8827051844255,19.824175824175825
16.205669164657593,-15.50069425455555,-11.604395604395604,-3.202605471760576,-4.395604395604396,18.69400843136422,19.824175824175825
16.22748875617981,-15.841359785559872,-11.956043956043956,-2.66015977139973,-3.868131868131868,18.49208957888537,19.824175824175825
16.24931764602661,-16.170253760786565,-12.395604395604396,-2.1154818579580636,-3.340659340659341,18.276173992182333,19.824175824175825
16.271306037902832,-16.48924997497386,-12.835164835164836,-1.56521583359347,-2.8131868131868134,18.044778845133518,19.824175824175825
16.29325032234192,-16.79505563925989,-13.186813186813186,-1.0148619637840008,-2.2857142857142856,17.800112927344124,19.736263736263737
16.315099477767944,-17.08684812129497,-13.626373626373626,-0.46612661223826524,-1.7582417582417582,17.54306026267633,19.47252747252747
16.336965799331665,-17.36597438287905,-13.89010989010989,0.08339153846024416,-1.1428571428571428,17.272565974597875,19.208791208791208
16.35883593559265,-17.632034679114746,-14.241758241758241,0.6329425547786807,-0.6153846153846154,16.98898040235332,19.032967032967033
16.380725622177124,-17.884998158366184,-14.593406593406593,1.1825060301188504,-0.08791208791208792,16.692293116534874,18.76923076923077
16.402807474136353,-18.126471149629793,-14.857142857142858,1.735986276156104,0.43956043956043955,16.380205624489225,18.505494505494507
16.424657106399536,-18.351668246419692,-15.12087912087912,2.282331804826618,0.967032967032967,16.05898558904354,18.24175824175824
16.446897745132446,-18.56668648977356,-15.384615384615385,2.8366848734124614,1.5824175824175823,15.719585892797546,17.978021978021978
16.468775510787964,-18.7640486238469,-15.648351648351648,3.379833837994029,2.10989010989011,15.373743186767904,17.714285714285715
16.490761518478394,-18.948099980618547,-15.912087912087912,3.923095980238229,2.6373626373626373,15.014484222497801,17.36263736263736
16.512595653533936,-19.11656704125246,-16.087912087912088,4.459642902493718,3.1648351648351647,14.646364461356761,17.01098901098901
16.53472399711609,-19.272620985080177,-16.35164835164835,4.999992532913243,3.78021978021978,14.262036448164487,16.747252747252748
16.55673122406006,-19.413041597584805,-16.52747252747253,5.533551089393958,4.395604395604396,13.868874477065837,16.395604395604394
16.578571557998657,-19.53771979062803,-16.703296703296704,6.058880591465191,4.923076923076923,13.46820734964262,16.043956043956044
16.60072922706604,-19.649170991812493,-16.87912087912088,6.587177567893243,5.450549450549451,13.0513537094999,15.692307692307692
16.62262225151062,-19.7443302256051,-16.967032967032967,7.104150750664945,5.978021978021978,12.629540090767446,15.252747252747254
16.64414358139038,-19.823309329747513,-17.142857142857142,7.607108476250957,6.5054945054945055,12.205569642392863,14.901098901098901
16.666071891784668,-19.88886982655205,-17.23076923076923,8.113852704037187,7.032967032967033,11.764402236159942,14.461538461538462
16.68789768218994,-19.939128371294768,-17.23076923076923,8.61211081563214,7.472527472527473,11.31642692101002,14.10989010989011
16.709810256958008,-19.974498961079078,-17.406593406593405,9.105832916003639,8.087912087912088,10.858107772361151,13.67032967032967
16.73180317878723,-19.994771322448198,-17.406593406593405,9.594422910028443,8.615384615384615,10.389830669549012,13.23076923076923
16.753769874572754,-19.999775574233084,-17.406593406593405,10.075115666661102,9.054945054945055,9.914190664915377,12.791208791208792
16.775640964508057,-19.98961872086999,-17.406593406593405,10.54609021686159,9.582417582417582,9.433115475486515,12.351648351648352
16.797449588775635,-19.964456846508885,-17.406593406593405,11.00778833656862,10.10989010989011,8.946319366591366,11.824175824175825
16.81945514678955,-19.92387051694498,-17.406593406593405,11.465275247962248,10.54945054945055,8.448318465500718,11.384615384615385
16.841416835784912,-19.86817601578824,-17.406593406593405,11.913109761961842,10.989010989010989,7.944869480607407,10.945054945054945
16.863028526306152,-19.798597151883286,-17.406593406593405,12.34495176354173,11.516483516483516,7.443534951447313,10.505494505494505
16.884997367858887,-19.71290307169774,-17.406593406593405,12.774597026820004,11.956043956043956,6.92829101315506,9.978021978021978
16.90683341026306,-19.612839786025983,-17.406593406593405,13.19199847527408,12.395604395604396,6.410928670934598,9.45054945054945
16.928590536117554,-19.498451377897393,-17.406593406593405,13.598013237752886,12.835164835164836,5.890634945148974,9.010989010989011
16.950418710708618,-19.369043490951146,-17.406593406593405,13.995139537326871,13.274725274725276,5.364217924312022,8.483516483516484
16.97240924835205,-19.22393776012132,-17.406593406593405,14.384571826066102,13.714285714285714,4.829805310618754,7.956043956043956
16.994131565093994,-19.066189572685385,-17.406593406593405,14.758471467799756,14.065934065934066,4.2982885255678145,7.428571428571429
17.01607036590576,-18.892450718409474,-17.406593406593405,15.12493524005323,14.505494505494505,3.7582253800002388,6.9010989010989015
17.038015604019165,-18.704296171087613,-17.406593406593405,15.480006386770157,14.857142857142858,3.215146271493239,6.373626373626373
17.060165405273438,-18.499964961939234,-17.406593406593405,15.8264495720248,15.208791208791208,2.6645268794018366,5.846153846153846
17.082059144973755,-18.283910997408807,-17.406593406593405,16.15683981042717,15.648351648351648,2.118242730434741,5.318681318681318
17.104016542434692,-18.05332969854175,-17.406593406593405,16.47590812556434,15.912087912087912,1.5687603469779121,4.791208791208791
17.12590527534485,-17.809789740132807,-17.406593406593405,16.781494625888996,16.175824175824175,1.0198071588336883,4.263736263736264
17.147791862487793,-17.552801760144675,-17.406593406593405,17.074357122018366,16.615384615384617,0.4701363568826944,3.7362637362637363
17.169792413711548,-17.28109526518992,-17.406593406593405,17.355728186707108,16.967032967032967,-0.08275425976106501,3.120879120879121
17.191648721694946,-16.998091515815133,-17.23076923076923,17.622120261975024,17.142857142857142,-0.6319582205883751,2.5934065934065935
17.213494777679443,-16.70240778140275,-17.054945054945055,17.875104339495415,17.406593406593405,-1.1804282816575893,1.978021978021978
17.2353777885437,-16.393605174827258,-16.791208791208792,18.115011457130844,17.75824175824176,-1.7289340791867744,1.4505494505494505
17.25727915763855,-16.07213198635457,-16.615384615384617,18.34140492838573,17.934065934065934,-2.276590941907648,0.8351648351648352
17.279104471206665,-15.739664906095438,-16.263736263736263,18.553192599664122,18.197802197802197,-2.820631110864702,0.3956043956043956
17.30106782913208,-15.393144137322455,-15.912087912087912,18.752231747277914,18.373626373626372,-3.3659696940493937,-0.13186813186813187
17.322997331619263,-15.035459359867836,-15.736263736263735,18.936713407185547,18.46153846153846,-3.907909909258365,-0.6593406593406593
17.34482455253601,-14.668104805909648,-15.472527472527473,19.106055423988863,18.725274725274726,-4.44437629380704,-1.2747252747252746
17.36679983139038,-14.287111763146982,-15.208791208791208,19.262025838408945,18.9010989010989,-4.981103120471179,-1.8021978021978022
17.388771295547485,-13.895293225274102,-14.857142857142858,19.403285001287575,19.164835164835164,-5.513939513623098,-2.4175824175824174
17.41076421737671,-13.492484612119167,-14.417582417582418,19.52986982695965,19.252747252747252,-6.043086868807216,-2.9450549450549453
17.432695627212524,-13.080540471389028,-13.89010989010989,19.64124704065768,19.34065934065934,-6.566158491233709,-3.4725274725274726
17.45496654510498,-12.652054439493591,-13.45054945054945,19.73908239802372,19.516483516483518,-7.092222046186646,-4.0
17.476943016052246,-12.219518679248889,-13.010989010989011,19.82047031984001,19.78021978021978,-7.60588731427719,-4.527472527472527
17.498761653900146,-11.78086986370499,-12.571428571428571,19.886320812981978,19.86813186813187,-8.110126340837757,-5.054945054945055
17.52071714401245,-11.330531194885992,-12.131868131868131,19.93749465538808,20.043956043956044,-8.611373390143244,-5.582417582417582
17.542680025100708,-10.871412213523836,-11.780219780219781,19.973502346839243,20.13186813186813,-9.106231153319742,-6.1098901098901095
17.564841747283936,-10.399744385427105,-11.252747252747254,19.994415396914324,20.13186813186813,-9.598537490829326,-6.637362637362638
17.586766004562378,-9.92519307246588,-10.813186813186814,19.99984645224631,20.13186813186813,-10.078245308886071,-7.076923076923077
17.608675718307495,-9.443430742336021,-10.373626373626374,19.990109112412824,20.13186813186813,-10.54999320745978,-7.604395604395604
17.630751609802246,-8.950775646756803,-9.846153846153847,19.96497275437303,20.13186813186813,-11.017230210885693,-8.131868131868131
17.65264320373535,-8.455430441352421,-9.406593406593407,19.924874278807042,20.13186813186813,-11.472195253097926,-8.659340659340659
17.674466133117676,-7.955270032057369,-8.967032967032967,19.86989443620456,20.13186813186813,-11.917092943152133,-9.098901098901099
17.69627022743225,-7.449566564360572,-8.43956043956044,19.800039183751718,20.13186813186813,-12.352656671901197,-9.626373626373626
17.718114376068115,-6.937326511865144,-8.0,19.7151506947009,20.13186813186813,-12.779721582280999,-10.065934065934066
17.739920616149902,-6.420761752007142,-7.472527472527473,19.615593463239353,20.13186813186813,-13.196441529044638,-10.505494505494505
17.76176881790161,-5.898368255663541,-7.032967032967033,19.50107376719104,20.13186813186813,-13.604025982228674,-10.945054945054945
17.783604621887207,-5.371829040778636,-6.5054945054945055,19.371932729908366,20.13186813186813,-14.001133982418555,-11.296703296703297
17.805424690246582,-4.84162915302668,-5.978021978021978,19.228315580833517,20.13186813186813,-14.387425977884526,-11.824175824175825
17.827221393585205,-4.308362750184619,-5.450549450549451,19.070419459268514,20.13186813186813,-14.762505272097412,-12.263736263736265
17.84921360015869,-3.7670387607722864,-4.923076923076923,18.89660789704689,20.13186813186813,-15.129723761857473,-12.615384615384615
17.871181964874268,-3.2234292169521943,-4.395604395604396,18.708576604417125,20.13186813186813,-15.48500827629767,-13.054945054945055
17.893107175827026,-2.6784380418301086,-3.868131868131868,18.506699548584223,20.13186813186813,-15.827829341393658,-13.406593406593407
17.914932250976562,-2.1339160922997706,-3.2527472527472527,18.291792528382175,20.13186813186813,-16.157152880414465,-13.846153846153847
17.936760902404785,-1.5876995214710432,-2.8131868131868134,18.06308876353448,20.13186813186813,-16.474374792708065,-14.10989010989011
17.958638906478882,-1.0390496821069586,-2.2857142857142856,17.8202313398674,20.13186813186813,-16.779876423055796,-14.54945054945055
17.980403423309326,-0.492465913123431,-1.6703296703296704,17.565269414897323,20.13186813186813,-17.071209968563494,-14.813186813186814
18.002263069152832,0.05687705473502229,-1.1428571428571428,17.2959686280976,20.13186813186813,-17.35096379108683,-15.164835164835164
18.024272918701172,0.6099503926410585,-0.5274725274725275,17.011632678911717,20.13186813186813,-17.619412275001217,-15.516483516483516
18.046154499053955,1.159338835674867,0.0,16.716054042721527,20.13186813186813,-17.872936506334256,-15.780219780219781
18.068188190460205,1.7116597348619964,0.5274725274725275,16.405650977474906,20.043956043956044,-18.114568656619458,-16.13186813186813
18.09016466140747,2.2612396027594013,1.1428571428571428,16.083526246199504,19.86813186813187,-18.34174094517278,-16.395604395604394
18.112063884735107,2.807172792418906,1.7582417582417582,15.750332474220244,19.692307692307693,-18.554200803452193,-16.571428571428573
18.13366723060608,3.343648876420919,2.197802197802198,15.409952700614802,19.516483516483518,-18.750023782489063,-16.923076923076923
18.155773401260376,3.8900576668368556,2.7252747252747254,15.049896698617955,19.252747252747252,-18.936099608684742,-17.186813186813186
18.177470207214355,4.423431627997081,3.2527472527472527,14.68521392762762,18.98901098901099,-19.104521856577048,-17.36263736263736
18.1993510723114,4.95799914726725,3.868131868131868,14.306382932771024,18.63736263736264,-19.259990262184125,-17.53846153846154
18.22134017944336,5.491434338046902,4.395604395604396,13.914782390209744,18.373626373626372,-19.40155881046629,-17.802197802197803
18.243231058120728,6.018322556269496,5.010989010989011,13.514377919722321,18.021978021978022,-19.52778117918539,-17.978021978021978
18.265104293823242,6.54023772651493,5.538461538461538,13.104082220245004,17.582417582417584,-19.639143199433676,-18.153846153846153
18.2870192527771,7.0581930878676555,6.065934065934066,12.683075969221838,17.23076923076923,-19.735838290364043,-18.32967032967033
18.308861017227173,7.569093101929624,6.593406593406593,12.253905327035724,16.791208791208792,-19.817318588886735,-18.417582417582416
18.330693006515503,8.074066552567452,7.1208791208791204,11.815702039257964,16.439560439560438,-19.883844065588406,-18.505494505494507
18.352638483047485,8.575540087695288,7.56043956043956,11.36625920155029,16.0,-19.935633299017045,-18.593406593406595
18.37460470199585,9.070956794185818,8.087912087912088,10.907735708313439,15.56043956043956,-19.972289515811767,-18.76923076923077
18.39640188217163,9.555730353881867,8.615384615384615,10.444524826893215,15.12087912087912,-19.993621843280554,-18.857142857142858
18.41842770576477,10.038305541325434,9.23076923076923,9.968496808858427,14.68131868131868,-19.999941301292296,-18.857142857142858
18.440298795700073,10.509882448540376,9.67032967032967,9.48825600894674,14.241758241758241,-19.991056497138747,-18.857142857142858
18.462157487869263,10.973260488699099,10.10989010989011,9.001126753114617,13.802197802197803,-19.96708983982931,-18.857142857142858
18.484235525131226,11.432883205359586,10.725274725274724,8.502216947329128,13.362637362637363,-19.927590736524678,-18.857142857142858
18.50589871406555,11.875318446212903,11.076923076923077,8.006318604843962,12.923076923076923,-19.873925221501086,-18.857142857142858
18.527527570724487,12.308273579701837,11.516483516483516,7.505287125429585,12.395604395604396,-19.805652484039367,-18.857142857142858
18.549480438232422,12.738415707731255,11.956043956043956,6.991082600538178,11.868131868131869,-19.72139672794234,-18.857142857142858
18.571479320526123,13.159735007531477,12.395604395604396,6.470463711989728,11.428571428571429,-19.621909559323647,-18.857142857142858
18.593406438827515,13.56967303948428,12.835164835164836,5.946622331429383,10.901098901098901,-19.507825546024968,-18.857142857142858
18.61538553237915,13.970243797082704,13.274725274725276,5.417008841749079,10.373626373626374,-19.378608174276742,-18.857142857142858
18.637043476104736,14.354538899731558,13.714285714285714,4.891089938980995,9.846153846153847,-19.23681873583289,-18.857142857142858
18.65902805328369,14.733754531881091,14.065934065934066,4.353536352836047,9.31868131868132,-19.078319319836325,-18.857142857142858
18.680943727493286,15.100590205430208,14.505494505494505,3.8143601732461114,8.791208791208792,-18.905824672501417,-18.857142857142858
18.702813625335693,15.455243313069534,14.857142857142858,3.273426135375652,8.175824175824175,-18.71939682218454,-18.857142857142858
18.724843502044678,15.800689242048485,15.12087912087912,2.7260367414147413,7.736263736263736,-18.517312442758303,-18.857142857142858
18.746715784072876,16.131685640432572,15.472527472527473,2.1804955212332895,7.208791208791209,-18.30263485098787,-18.857142857142858
18.768690586090088,16.45196131843369,15.824175824175825,1.6307391255468904,6.593406593406593,-18.073028003283845,-18.857142857142858
18.790740251541138,16.76071897322966,16.263736263736263,1.0778605007614914,6.065934065934066,-17.828787886688264,-18.681318681318682
18.812546014785767,17.05340751651275,16.615384615384617,0.5302821948736955,5.538461538461538,-17.573787687913253,-18.505494505494507
18.834551334381104,17.335793633990356,16.967032967032967,-0.02270965240600728,5.010989010989011,-17.303078048517236,-18.32967032967033
18.856734037399292,17.607039426052587,17.318681318681318,-0.5801404054547683,4.483516483516484,-17.016796084057187,-18.153846153846153
18.87853741645813,17.860316299020987,17.67032967032967,-1.127602231594968,3.956043956043956,-16.722523435545664,-17.89010989010989
18.900596141815186,18.102915284834722,17.934065934065934,-1.680612558964887,3.4285714285714284,-16.412031156416926,-17.626373626373628
18.92247724533081,18.329819659096113,18.197802197802197,-2.227895321967349,2.989010989010989,-16.091580278656046,-17.36263736263736
18.944138050079346,18.540791047479296,18.373626373626372,-2.768010438821726,2.3736263736263736,-15.762372493382566,-17.0989010989011
18.96602177619934,18.739984026208603,18.63736263736264,-3.3116002377928657,1.7582417582417582,-15.417918787757856,-16.835164835164836
18.987926721572876,18.925178367529416,18.813186813186814,-3.8532091231845356,1.1428571428571428,-15.06145522827332,-16.483516483516482
19.009780406951904,19.095650802708136,19.076923076923077,-4.390641703478249,0.6153846153846154,-14.694454120571859,-16.21978021978022
19.031571626663208,19.25129730761869,19.34065934065934,-4.923241593412101,0.0,-14.317467815672762,-15.868131868131869
19.05374836921692,19.394876510744695,19.516483516483518,-5.461471578496035,-0.5274725274725275,-13.922791682470844,-15.516483516483516
19.07563018798828,19.521784147477636,19.692307692307693,-5.9883885151641465,-1.054945054945055,-13.52276544673771,-15.164835164835164
19.097707986831665,19.63486952100587,19.78021978021978,-6.5154348596332845,-1.5824175824175823,-13.108795533750603,-14.813186813186814
19.119782209396362,19.732827922146946,19.86813186813187,-7.037382348953774,-2.021978021978022,-12.684805691579564,-14.373626373626374
19.141810655593872,19.8154476175159,19.956043956043956,-7.552849863644728,-2.6373626373626373,-12.251965280908285,-14.021978021978022
19.163753509521484,19.882651528817902,20.043956043956044,-8.060561474526791,-3.1648351648351647,-11.81147306071496,-13.582417582417582
19.185685873031616,19.93471760497893,20.13186813186813,-8.561906461752832,-3.78021978021978,-11.36221768782963,-13.142857142857142
19.207791090011597,19.971872820800044,20.21978021978022,-9.060621269821418,-4.21978021978022,-10.900689960967952,-12.703296703296703
19.229727745056152,19.993510662533332,20.307692307692307,-9.548622876760591,-4.747252747252747,-10.43436587437922,-12.263736263736265
19.251708269119263,19.999953917912787,20.307692307692307,-10.030322759587989,-5.0989010989010985,-9.959157024043424,-11.912087912087912
19.27384924888611,19.991018753157647,20.395604395604394,-10.507801974411134,-5.626373626373627,-9.472798848682633,-11.384615384615385
19.295720100402832,19.96699994895661,20.483516483516482,-10.971471599405245,-6.153846153846154,-8.985173855506408,-11.032967032967033
19.317662239074707,19.927747846470453,20.483516483516482,-11.428324765213201,-6.681318681318682,-8.489140089046854,-10.505494505494505
19.339677095413208,19.873140457813147,20.483516483516482,-11.877960096199134,-7.1208791208791204,-7.984976964570558,-10.065934065934066
19.36182713508606,19.80284884812235,20.571428571428573,-12.321181801378119,-7.648351648351649,-7.471551614077171,-9.538461538461538
19.383790016174316,19.718003373946917,20.571428571428573,-12.751234672119784,-8.175824175824175,-6.956748227987441,-9.098901098901099
19.40566062927246,19.61859000372467,20.571428571428573,-13.169830098140151,-8.615384615384615,-6.4388415760829325,-8.571428571428571
19.42747139930725,19.50469159301905,20.571428571428573,-13.57737416706598,-8.967032967032967,-5.917508421879372,-8.131868131868131
19.449305772781372,19.37599495008393,20.571428571428573,-13.975143777401257,-9.494505494505495,-5.391158992448623,-7.604395604395604
19.471190690994263,19.232363720396858,20.571428571428573,-14.3632770537366,-9.934065934065934,-4.859518902164734,-7.076923076923077
19.49312162399292,19.073839632976952,20.571428571428573,-14.741329276720993,-10.373626373626374,-4.323074527763206,-6.549450549450549
19.515074253082275,18.900651388266077,20.571428571428573,-15.108543302104597,-10.725274725274724,-3.782811500957803,-6.021978021978022
19.536986112594604,18.713441984010007,20.571428571428573,-15.463610440234012,-11.164835164835164,-3.2406809980222695,-5.4945054945054945
19.55913805961609,18.509760407942327,20.571428571428573,-15.81065005776862,-11.516483516483516,-2.6901144954457505,-4.967032967032967
19.581023931503296,18.29443982531783,20.571428571428573,-16.141491303377972,-11.868131868131869,-2.1441123459947335,-4.43956043956044
19.603060245513916,18.063659627787946,20.571428571428573,-16.46227145876661,-12.219780219780219,-1.592719521459709,-3.912087912087912
19.62496066093445,17.820579321743587,20.571428571428573,-16.76856745419232,-12.571428571428571,-1.043516301060677,-3.3846153846153846
19.646841049194336,17.564243325138573,20.571428571428573,-17.061901149884914,-12.923076923076923,-0.4940259568986782,-2.769230769230769
19.66874933242798,17.29427723736538,20.571428571428573,-17.342685823153506,-13.274725274725276,0.056538928610527214,-2.241758241758242
19.69077706336975,17.00962500298332,20.571428571428573,-17.61174938310383,-13.538461538461538,0.6100616218187065,-1.7142857142857142
19.712381839752197,16.717777471167267,20.571428571428573,-17.86254024821441,-13.89010989010989,1.1525047170807925,-1.1868131868131868
19.734363079071045,16.40820017955706,20.571428571428573,-18.104188518439194,-14.153846153846153,1.7035257188492672,-0.6593406593406593
19.756271839141846,16.08718659965936,20.483516483516482,-18.331295828196513,-14.417582417582418,2.2514370005263107,-0.04395604395604396
19.77781319618225,15.75966701832392,20.307692307692307,-18.541049252899942,-14.68131868131868,2.788498497766683,0.4835164835164835
19.799596309661865,15.416730077232824,20.13186813186813,-18.739341167356844,-14.945054945054945,3.329508169024723,1.010989010989011
19.82137966156006,15.062238055610742,19.956043956043956,-18.923594383335267,-15.12087912087912,3.8680290521470644,1.6263736263736264
19.84328866004944,14.694318236777166,19.692307692307693,-19.094608206927546,-15.384615384615385,4.406732003292033,2.1538461538461537
19.865182876586914,14.315520381489367,19.428571428571427,-19.251048667582154,-15.648351648351648,4.941734905798023,2.681318681318681
19.8870952129364,13.92555992308516,19.076923076923077,-19.393028931808292,-15.824175824175825,5.473435316451142,3.208791208791209
19.90898323059082,13.525491691705128,18.725274725274726,-19.52017281204483,-16.0,6.000402866744875,3.7362637362637363
19.930867433547974,13.115263895268004,18.285714285714285,-19.632531514514262,-16.175824175824175,6.522740519607911,4.263736263736264
19.952728033065796,12.695576326962508,17.934065934065934,-19.72994636309561,-16.35164835164835,7.039590226701136,4.791208791208791
19.974655389785767,12.264983455487108,17.494505494505493,-19.812702151345142,-16.52747252747253,7.5526814478968305,5.318681318681318
19.996445655822754,11.827857365511697,17.054945054945055,-19.880039329196528,-16.703296703296704,8.056885153766958,5.846153846153846
20.01846218109131,11.37718698753283,16.615384615384617,-19.93293750047689,-16.703296703296704,8.560187865260742,6.373626373626373
20.040433406829834,10.91876237127484,16.175824175824175,-19.970517198646153,-16.703296703296704,9.055923502866372,6.9010989010989015
20.062304496765137,10.454160453824525,15.736263736263735,-19.99280692218678,-16.703296703296704,9.542544535335656,7.428571428571429
20.08427882194519,9.97941382678958,15.384615384615385,-19.999993710976824,-16.703296703296704,10.024203100465067,7.868131868131868
20.106165170669556,9.499004032777021,14.945054945054945,-19.991993767568946,-16.703296703296704,10.496336454458586,8.483516483516484
20.128031253814697,9.011864095943366,14.505494505494505,-19.968900715740837,-16.703296703296704,10.960104570938151,8.923076923076923
20.1500301361084,8.514900506458606,14.065934065934066,-19.930453761776683,-16.703296703296704,11.41833840794267,9.45054945054945
20.17208194732666,8.010211156790497,13.538461538461538,-19.87662895451058,-16.703296703296704,11.868917335561624,9.89010989010989
20.19392466545105,7.504242508589154,13.010989010989011,-19.808268328680807,-16.703296703296704,12.306240558557743,10.417582417582418
20.21575117111206,6.993002167871641,12.483516483516484,-19.725052168871816,-16.703296703296704,12.733978484775314,10.857142857142858
20.237729787826538,6.472884263694193,11.956043956043956,-19.626262634194227,-16.703296703296704,13.155017139256739,11.296703296703297
20.259783029556274,5.946038346236119,11.428571428571429,-19.512091142280727,-16.703296703296704,13.567399609977379,11.824175824175825
20.28170871734619,5.417712118587098,10.901098901098901,-19.38372513244299,-16.703296703296704,13.967068535836244,12.175824175824175
20.30388879776001,4.879073143862233,10.285714285714286,-19.238898925442022,-16.703296703296704,14.360585817522288,12.703296703296703
20.32581377029419,4.3429028290622815,9.758241758241759,-19.081049782223374,-16.703296703296704,14.738614320520506,13.054945054945055
20.347692251205444,3.8045831659442535,9.31868131868132,-18.909097830920068,-16.703296703296704,15.104689630567833,13.494505494505495
20.369852304458618,3.256405819981976,8.791208791208792,-18.720364253104666,-16.703296703296704,15.463837099944113,13.846153846153847
20.391817808151245,2.7105479451822085,8.175824175824175,-18.518961756474457,-16.703296703296704,15.807998872820823,14.197802197802197
20.413713455200195,2.164370401939559,7.648351648351649,-18.30415800750236,-16.703296703296704,16.139080309930364,14.637362637362637
20.435883045196533,1.6096918790237227,7.1208791208791204,-18.072549747415326,-16.703296703296704,16.46185510429808,14.989010989010989
20.4576678276062,1.063421817723704,6.593406593406593,-17.83129786231006,-16.703296703296704,16.76658369740248,15.340659340659341
20.479583740234375,0.5130602846696559,5.978021978021978,-17.575110963808314,-16.703296703296704,17.060467983414974,15.780219780219781
20.50165605545044,-0.04162118305401321,5.450549450549451,-17.303623884680878,-16.703296703296704,17.343371165163784,16.043956043956044
20.52357506752014,-0.5924194055605169,4.835164835164835,-17.020848851567077,-16.703296703296704,17.611106596355885,16.395604395604394
20.545398473739624,-1.1403692768380622,4.21978021978022,-16.726478608320264,-16.703296703296704,17.864401350211978,16.65934065934066
20.567436456680298,-1.6928351614113424,3.6043956043956045,-16.41644974271736,-16.703296703296704,18.106552561819118,16.923076923076923
20.589258670806885,-2.238614117682621,2.989010989010989,-16.09705011509783,-16.52747252747253,18.332650945425858,17.274725274725274
20.611141204833984,-2.784210994333387,2.3736263736263736,-15.764613404553259,-16.175824175824175,18.545531665357665,17.53846153846154
20.633089303970337,-3.329327538839056,1.7582417582417582,-15.419207417322866,-16.0,18.74496444026843,17.802197802197803
20.655004739761353,-3.871106231586091,1.2307692307692308,-15.062612850554768,-15.736263736263735,18.92987390703742,18.065934065934066
20.677041053771973,-4.412912294207384,0.7032967032967034,-14.692533923684364,-15.384615384615385,19.10132780934581,18.24175824175824
20.69882822036743,-4.945267554059059,0.08791208791208792,-14.315562539625882,-15.032967032967033,19.256444644716943,18.505494505494507
20.720731735229492,-5.47672858157312,-0.43956043956043955,-13.92576238959079,-14.68131868131868,19.39784036951648,18.681318681318682
20.742591619491577,-6.002994643271469,-0.967032967032967,-13.52622033028252,-14.241758241758241,19.524303259878494,18.857142857142858
20.764515161514282,-6.526243484206841,-1.4945054945054945,-13.115264234179804,-13.802197802197803,19.636337854832753,19.032967032967033
20.786383152008057,-7.043232520764651,-2.021978021978022,-12.695433141157434,-13.45054945054945,19.73324221121872,19.208791208791208
20.808303117752075,-7.556112624443676,-2.6373626373626373,-12.264983810076124,-13.010989010989011,19.815422904011445,19.384615384615383
20.83018732070923,-8.06243733925816,-3.1648351648351647,-11.825953860347004,-12.571428571428571,19.882472291197594,19.47252747252747
20.852046251296997,-8.562090986292707,-3.6923076923076925,-11.378503128869378,-12.219780219780219,19.93443458045759,19.560439560439562
20.873910188674927,-9.055396867123175,-4.21978021978022,-10.922362082463827,-11.780219780219781,19.971363382353196,19.560439560439562
20.89582109451294,-9.542904884220665,-4.747252747252747,-10.45697028506645,-11.340659340659341,19.99324790573437,19.560439560439562
20.91778564453125,-10.024345321772184,-5.362637362637362,-9.982483050026758,-10.901098901098901,19.99997388724687,19.560439560439562
20.939709663391113,-10.49728223196329,-5.8901098901098905,-9.501287615268653,-10.373626373626374,19.991493768118275,19.560439560439562
20.961805820465088,-10.96587015830953,-6.417582417582418,-9.009018536104248,-9.934065934065934,19.967594715356046,19.560439560439562
20.983675479888916,-11.42133142688138,-6.945054945054945,-8.514955131833304,-9.494505494505495,19.92878244986618,19.560439560439562
21.005527019500732,-11.867800463239114,-7.384615384615385,-8.014878255010057,-9.054945054945055,19.87497031391741,19.560439560439562
21.02747082710266,-12.307149472330376,-7.912087912087912,-7.5066090049648775,-8.527472527472527,19.805850763858984,19.560439560439562
21.049395322799683,-12.736766475233521,-8.351648351648352,-6.993086796761681,-8.087912087912088,19.721752429546726,19.560439560439562
21.0713894367218,-13.158033810060008,-8.791208791208792,-6.472601207214313,-7.648351648351649,19.62234661070542,19.560439560439562
21.09345006942749,-13.57047856654835,-9.23076923076923,-5.945575358312253,-7.1208791208791204,19.50758374685067,19.560439560439562
21.115442514419556,-13.971268580030777,-9.67032967032967,-5.41563024337742,-6.5054945054945055,19.3782539146033,19.560439560439562
21.137062311172485,-14.35486851970847,-10.197802197802197,-4.890630934556415,-5.978021978021978,19.23668921015851,19.560439560439562
21.15904712677002,-14.73407869282698,-10.54945054945055,-4.353068477425006,-5.538461538461538,19.07817546824447,19.560439560439562
21.1810040473938,-15.101584192234212,-10.989010989010989,-3.8128719843051635,-5.010989010989011,18.905330055609944,19.560439560439562
21.20286750793457,-15.456102793613285,-11.516483516483516,-3.2720901721776556,-4.483516483516484,18.718919986155424,19.560439560439562
21.224787712097168,-15.799829595080922,-11.868131868131869,-2.7274258032204064,-3.868131868131868,18.51784220539073,19.560439560439562
21.24647307395935,-16.12807908108349,-12.307692307692308,-2.186559028471246,-3.4285714285714284,18.30509323279849,19.560439560439562
21.268467903137207,-16.448778298564765,-12.747252747252746,-1.6363170596540864,-2.901098901098901,18.075424158835588,19.560439560439562
21.289988040924072,-16.750396572283826,-13.098901098901099,-1.0967376566782958,-2.3736263736263736,17.837346582928934,19.560439560439562
21.31213140487671,-17.04796113269461,-13.45054945054945,-0.540698742620271,-1.7582417582417582,17.57875988256804,19.47252747252747
21.334108114242554,-17.33023604886255,-13.802197802197803,0.01157031959104769,-1.2307692307692308,17.30866181385928,19.208791208791208
21.355774402618408,-17.595586832936327,-14.065934065934066,0.5560318856197286,-0.7032967032967034,17.02945604526419,19.032967032967033
21.377501249313354,-17.84858172918919,-14.417582417582418,1.1016009849122486,-0.17582417582417584,16.73679410733137,18.857142857142858
21.39961004257202,-18.09236594195632,-14.76923076923077,1.6559155523944546,0.3516483516483517,16.426182270216398,18.593406593406595
21.42153787612915,-18.32036201458419,-15.032967032967033,2.2044317884981135,0.967032967032967,16.10558911932428,18.32967032967033
21.443479776382446,-18.53458122416399,-15.296703296703297,2.751624487130226,1.4945054945054945,15.772550455067238,18.065934065934066
21.465470790863037,-18.73514207168381,-15.56043956043956,3.297942822875599,2.021978021978022,15.426735583454946,17.714285714285715
21.487505674362183,-18.92175337067023,-15.824175824175825,3.8428247637022883,2.6373626373626373,15.068415458069707,17.36263736263736
21.5095374584198,-19.09383457921457,-16.087912087912088,4.384684489606221,3.076923076923077,14.698595522632576,17.0989010989011
21.531590700149536,-19.25142723574276,-16.263736263736263,4.92370621017641,3.6923076923076925,14.317133101692615,16.747252747252748
21.553383111953735,-19.39263342266613,-16.439560439560438,5.452639986926693,4.3076923076923075,13.929380536792566,16.395604395604394
21.575331926345825,-19.520153339490797,-16.615384615384617,5.981235872681299,4.835164835164835,13.528287458071894,16.043956043956044
21.597259998321533,-19.632724804122766,-16.87912087912088,6.504788854135304,5.362637362637362,13.11729692243135,15.692307692307692
21.619213819503784,-19.73049572754376,-16.967032967032967,7.024008908453416,5.8901098901098905,12.695846854196798,15.252747252747254
21.6411612033844,-19.81322872537311,-17.142857142857142,7.537733493664111,6.5054945054945055,12.264862423723123,14.901098901098901
21.662991762161255,-19.88057155594153,-17.23076923076923,8.043036701012543,6.945054945054945,11.826917188653965,14.461538461538462
21.685184717178345,-19.933696803921958,-17.23076923076923,8.55052186020753,7.384615384615385,11.372580860559973,14.10989010989011
21.707186698913574,-19.971061740997836,-17.318681318681318,9.047076848373667,7.912087912087912,10.913422322879233,13.67032967032967
21.72910785675049,-19.993107753960018,-17.318681318681318,9.534930761515888,8.527472527472527,10.447653849880057,13.23076923076923
21.751113891601562,-19.99998040679348,-17.318681318681318,10.017396086766857,9.054945054945055,9.972108788504366,12.791208791208792
21.77313780784607,-19.991546558496957,-17.318681318681318,10.492583979573716,9.494505494505495,9.488542717239017,12.351648351648352
21.79495596885681,-19.968093516341735,-17.318681318681318,10.9554094331562,10.021978021978022,9.002327240644924,11.912087912087912
21.81688928604126,-19.929388224657075,-17.406593406593405,11.412376876076484,10.54945054945055,8.506725704404808,11.472527472527473
21.838769674301147,-19.875692142211932,-17.406593406593405,11.859604046912505,10.989010989010989,8.005881262723566,10.945054945054945
21.86039447784424,-19.807859984491245,-17.406593406593405,12.2927994494232,11.428571428571429,7.50493917509008,10.505494505494505
21.88244652748108,-19.723625414647042,-17.406593406593405,12.725203554264246,11.780219780219781,6.988395357905503,9.978021978021978
21.90430498123169,-19.625183733883,-17.406593406593405,13.144169455278012,12.307692307692308,6.471089399092915,9.538461538461538
21.92627239227295,-19.51133435299759,-17.406593406593405,13.555232337723142,12.747252747252746,5.946286809069012,9.010989010989011
21.948264360427856,-19.382465334016267,-17.406593406593405,13.956408335004099,13.274725274725276,5.416359080328776,8.483516483516484
21.970207929611206,-19.23912637148133,-17.406593406593405,14.346078372753148,13.714285714285714,4.883474491340748,7.956043956043956
21.992202043533325,-19.080778511628704,-17.406593406593405,14.72570016514874,14.065934065934066,4.345636841152507,7.516483516483516
22.014137506484985,-18.90833629548686,-17.406593406593405,15.09310668961522,14.417582417582418,3.805926933712884,6.989010989010989
22.035908937454224,-18.722977880686273,-17.406593406593405,15.44642736440258,14.857142857142858,3.2673926282465278,6.461538461538462
22.05784845352173,-18.522012761860182,-17.406593406593405,15.790779951864554,15.208791208791208,2.72222775744809,5.846153846153846
22.079779148101807,-18.307059125385376,-17.406593406593405,16.12299945630243,15.384615384615385,2.175214230816735,5.318681318681318
22.101677894592285,-18.078545684616977,-17.406593406593405,16.442517303174224,15.736263736263735,1.6273490279588532,4.791208791208791
22.123640775680542,-17.83561326613328,-17.406593406593405,16.750465083434865,16.175824175824175,1.0766420014934877,4.263736263736264
22.145540952682495,-17.579847385517958,-17.406593406593405,17.044830031205144,16.615384615384617,0.5266903023499199,3.7362637362637363
22.167638063430786,-17.308288242396664,-17.406593406593405,17.328758079740435,16.967032967032967,-0.02860975801787111,3.208791208791209
22.189507246017456,-17.02639027084304,-17.23076923076923,17.596603449155474,17.23076923076923,-0.5781617181957083,2.681318681318681
22.21139693260193,-16.73135178165659,-16.967032967032967,17.85139237031197,17.406593406593405,-1.1277915572404056,2.065934065934066
22.233226776123047,-16.42451244905491,-16.703296703296704,18.09203372026558,17.67032967032967,-1.6750693680637747,1.5384615384615385
22.255188703536987,-16.10334555662369,-16.52747252747253,18.32039308192155,18.021978021978022,-2.224385791809295,1.010989010989011
22.277031898498535,-15.77174933195272,-16.263736263736263,18.533678103016445,18.285714285714285,-2.769052797683317,0.4835164835164835
22.29888391494751,-15.42812961267373,-16.0,18.733077533620236,18.285714285714285,-3.311852250691332,-0.04395604395604396
22.320754289627075,-15.072573703494411,-15.824175824175825,18.918501763424416,18.46153846153846,-3.852607295800145,-0.5714285714285714
22.342638969421387,-14.705390187502864,-15.472527472527473,19.089744563305693,18.54945054945055,-4.390803320997904,-1.2747252747252746
22.364595890045166,-14.32581865479403,-15.208791208791208,19.247044071279213,18.9010989010989,-4.927438409743759,-1.8021978021978022
22.386603832244873,-13.934421570612685,-14.76923076923077,19.390005827976093,19.164835164835164,-5.461556004318813,-2.32967032967033
22.40835976600647,-13.537030378094775,-14.32967032967033,19.5167551005242,19.252747252747252,-5.98545349576566,-2.857142857142857
22.430248498916626,-13.12700382882076,-13.89010989010989,19.62955739407675,19.428571428571427,-6.50803356131051,-3.3846153846153846
22.452061891555786,-12.708508289310988,-13.45054945054945,19.727197495431582,19.604395604395606,-7.023917156486653,-3.912087912087912
22.47385334968567,-12.28089939470503,-13.098901098901099,19.809939868715883,19.86813186813187,-7.534012710001771,-4.43956043956044
22.495698928833008,-11.84298579537452,-12.659340659340659,19.877978144236778,19.86813186813187,-8.039704493296835,-4.967032967032967
22.51767063140869,-11.393542721372935,-12.307692307692308,19.93129986795175,20.043956043956044,-8.542204116518764,-5.4945054945054945
22.53989601135254,-10.930075737464051,-11.868131868131869,19.969779553568525,20.043956043956044,-9.043879101930832,-6.1098901098901095
22.56185030937195,-10.463890150465913,-11.340659340659341,19.992497544736533,20.043956043956044,-9.532511111500938,-6.549450549450549
22.583807706832886,-9.989673203621424,-10.901098901098901,19.999999595938032,20.13186813186813,-10.013955530944559,-7.076923076923077
22.605841159820557,-9.506169435524752,-10.461538461538462,19.992222503804594,20.13186813186813,-10.489403900248384,-7.516483516483516
22.627489805221558,-9.024010348530386,-9.934065934065934,19.969654676880893,20.13186813186813,-10.948719211204605,-8.043956043956044
22.649545192718506,-8.525927114182135,-9.494505494505495,19.931465584177698,20.13186813186813,-11.408329880369196,-8.483516483516484
22.671457052230835,-8.024599353099044,-9.054945054945055,19.878364563915568,20.13186813186813,-11.856272869753465,-9.010989010989011
22.69346261024475,-7.515005520137386,-8.527472527472527,19.809869111196896,20.13186813186813,-12.297084372130582,-9.538461538461538
22.715371131896973,-7.001949914632223,-8.087912087912088,19.72662824161669,20.13186813186813,-12.726611808011228,-9.978021978021978
22.73734474182129,-6.482039925908369,-7.56043956043956,19.628122412210228,20.13186813186813,-13.147726342014687,-10.417582417582418
22.7592294216156,-5.959321463542606,-7.032967032967033,19.51514096537887,20.13186813186813,-13.55717365837809,-10.857142857142858
22.781142473220825,-5.431409927877374,-6.5054945054945055,19.38722579941313,20.13186813186813,-13.956878927338373,-11.296703296703297
22.803080081939697,-4.898781777518048,-5.978021978021978,19.24444272748201,20.13186813186813,-14.346431771493933,-11.736263736263735
22.825093746185303,-4.360565441529738,-5.450549450549451,19.086464301608647,20.13186813186813,-14.726375845630882,-12.175824175824175
22.847015857696533,-3.8212709946510865,-4.923076923076923,18.91462867865535,20.13186813186813,-15.093541692587,-12.527472527472527
22.86920404434204,-3.2724798794137016,-4.483516483516484,18.72609223071025,20.13186813186813,-15.45349968569078,-12.967032967032967
22.8911874294281,-2.7262440632022917,-3.868131868131868,18.52493912215952,20.13186813186813,-15.79828854320285,-13.406593406593407
22.913060665130615,-2.1806797231096,-3.340659340659341,18.31076333368874,20.13186813186813,-16.12938502454716,-13.758241758241759
22.935040712356567,-1.6307924275718255,-2.8131868131868134,18.081607196375764,20.13186813186813,-16.449823218250597,-14.10989010989011
22.957147359848022,-1.0764838669774044,-2.2857142857142856,17.837218242029586,20.13186813186813,-16.759448935967804,-14.461538461538462
22.978914499282837,-0.5298744256130732,-1.7582417582417582,17.583132397946706,20.13186813186813,-17.051684126263265,-14.813186813186814
23.000895500183105,0.0225063696221105,-1.1428571428571428,17.313201295298764,20.13186813186813,-17.333843773891022,-15.164835164835164
23.02285075187683,0.5742231129225904,-0.6153846153846154,17.03040068347898,20.13186813186813,-17.60247161962202,-15.516483516483516
23.04464054107666,1.1213508272203647,-0.08791208791208792,16.73691431926949,20.13186813186813,-17.85582847569356,-15.780219780219781
23.06665849685669,1.673352256958284,0.5274725274725275,16.42760982358826,20.043956043956044,-18.098239793087707,-16.13186813186813
23.08859157562256,2.221952759276764,1.1428571428571428,16.106994616732194,19.86813186813187,-18.3259426445139,-16.307692307692307
23.110576629638672,2.7701591367177123,1.6703296703296704,15.77334125992955,19.692307692307693,-18.540214842519365,-16.571428571428573
23.13267230987549,3.3189931064564213,2.197802197802198,15.42587996550096,19.516483516483518,-18.74130780903422,-16.923076923076923
23.154922485351562,3.8690780256694564,2.7252747252747254,15.063972772828718,19.252747252747252,-18.92920664894082,-17.0989010989011
23.17673349380493,4.405372648662867,3.2527472527472527,14.69777729244071,18.98901098901099,-19.09903532482075,-17.36263736263736
23.19877529144287,4.943978600638993,3.868131868131868,14.316491457751416,18.63736263736264,-19.256085254257897,-17.53846153846154
23.220717906951904,5.4763943225925225,4.395604395604396,13.926011840441138,18.373626373626372,-19.39775572769382,-17.714285714285715
23.242608547210693,6.003400465753131,4.923076923076923,13.525906941242756,18.021978021978022,-19.52439549253294,-17.978021978021978
23.26449728012085,6.525818673816515,5.538461538461538,13.115603519238906,17.582417582417584,-19.636252538482694,-18.153846153846153
23.286552906036377,7.047225436579813,6.065934065934066,12.692136218317886,17.142857142857142,-19.733936251453454,-18.32967032967033
23.308661222457886,7.564444965028342,6.593406593406593,12.257873442120736,16.791208791208792,-19.816640826330897,-18.417582417582416
23.330857515335083,8.07784904520708,7.1208791208791204,11.812365906018021,16.35164835164835,-19.884288597921298,-18.505494505494507
23.35283851623535,8.580081606020677,7.648351648351649,11.362122249553064,16.0,-19.93603568568797,-18.593406593406595
23.37476348876953,9.074513294646506,8.087912087912088,10.904390509003715,15.648351648351648,-19.972499121335744,-18.681318681318682
23.396523237228394,9.558409581521808,8.615384615384615,10.441923656740226,15.208791208791208,-19.993698632069027,-18.76923076923077
23.418636322021484,10.042840040168702,9.142857142857142,9.963951051792929,14.68131868131868,-19.999927911169348,-18.857142857142858
23.440420866012573,10.512492538087962,9.67032967032967,9.485555163072682,14.241758241758241,-19.99096452268483,-18.857142857142858
23.462327003479004,10.976822113090472,10.10989010989011,8.997322018206217,13.802197802197803,-19.966845079854572,-18.857142857142858
23.48430871963501,11.434392534204996,10.637362637362637,8.50055183287645,13.274725274725276,-19.92743425755834,-18.857142857142858
23.506279706954956,11.883021810454892,11.076923076923077,7.997543013360281,12.835164835164836,-19.87284948509596,-18.857142857142858
23.528014659881592,12.317920380260015,11.516483516483516,7.493938498013319,12.395604395604396,-19.80394630110126,-18.857142857142858
23.54993772506714,12.747273795016564,12.043956043956044,6.980313589525574,11.868131868131869,-19.719481841512827,-18.857142857142858
23.57189178466797,13.167539410315744,12.483516483516484,6.460653988757886,11.428571428571429,-19.61990078193636,-18.857142857142858
23.593837022781372,13.577620881693953,12.835164835164836,5.93628912640103,10.901098901098901,-19.505436699419345,-18.857142857142858
23.615756273269653,13.97691003460273,13.274725274725276,5.408038802833061,10.373626373626374,-19.376301483262665,-18.857142857142858
23.637771129608154,14.367267231591496,13.714285714285714,4.873355272344137,9.846153846153847,-19.231806948646025,-18.857142857142858
23.6598379611969,14.747511762502839,14.153846153846153,4.333666994948949,9.31868131868132,-19.072201374366472,-18.857142857142858
23.68183660507202,15.115294701151232,14.505494505494505,3.79232921340742,8.791208791208792,-18.898492074390635,-18.857142857142858
23.703848361968994,15.471735992174086,14.857142857142858,3.2477682969405244,8.263736263736265,-18.71022488423826,-18.857142857142858
23.725843906402588,15.81609092202198,15.12087912087912,2.7011263397750414,7.736263736263736,-18.50779749242979,-18.857142857142858
23.747803211212158,16.147825873701454,15.56043956043956,2.1533263823335154,7.208791208791209,-18.291599531784698,-18.857142857142858
23.769773244857788,16.46741843049987,15.824175824175825,1.603618043257292,6.681318681318682,-18.061358008732487,-18.857142857142858
23.791599988937378,16.772498597138682,16.175824175824175,1.0562837203475597,6.065934065934066,-17.818986236232618,-18.681318681318682
23.813525915145874,17.066261246376037,16.615384615384617,0.5056628749754587,5.538461538461538,-17.56201730908885,-18.505494505494507
23.83551836013794,17.347900605266243,16.87912087912088,-0.04701362209674743,5.010989010989011,-17.290876658721146,-18.32967032967033
23.85742211341858,17.615235388334384,17.318681318681318,-0.5974261461130232,4.483516483516484,-17.007703421921015,-18.153846153846153
23.87935757637024,17.869583122742945,17.75824175824176,-1.1481817085936687,3.956043956043956,-16.711207632398303,-17.89010989010989
23.90132999420166,18.110748037027516,18.021978021978022,-1.6989903316009856,3.5164835164835164,-16.40148357864917,-17.626373626373628
23.923274755477905,18.337829008580446,18.197802197802197,-2.2478130692274862,2.989010989010989,-16.079669386235686,-17.36263736263736
23.945146322250366,18.550277980340777,18.46153846153846,-2.793104984099302,2.4615384615384617,-15.746762086712794,-17.0989010989011
23.967113256454468,18.749549219265095,18.725274725274726,-3.3386503451530105,1.8461538461538463,-15.400431243081806,-16.835164835164836
23.98914408683777,18.93505118417155,18.9010989010989,-3.8832271327854206,1.2307692307692308,-15.041307544632573,-16.483516483516482
24.010762929916382,19.10297774716597,19.076923076923077,-4.414729455289189,0.6153846153846154,-14.677691658344132,-16.21978021978022
24.032737016677856,19.25921560711028,19.252747252747252,-4.951624474588147,0.08791208791208792,-14.297001696888756,-15.780219780219781
24.05499243736267,19.40248581813696,19.516483516483518,-5.491543380793588,-0.5274725274725275,-13.9003280094114,-15.516483516483516
24.077048301696777,19.529500459839145,19.692307692307693,-6.0223849169981705,-1.054945054945055,-13.49648453690065,-15.164835164835164
24.099085807800293,19.641426749380997,19.78021978021978,-6.548164461226031,-1.5824175824175823,-13.082622873905335,-14.725274725274724
24.121034383773804,19.73793027402712,19.86813186813187,-7.06683163105056,-2.021978021978022,-12.660458963981569,-14.373626373626374
24.143030405044556,19.819579291558064,20.043956043956044,-7.581226622178267,-2.5494505494505493,-12.227720844770598,-14.021978021978022
24.164968252182007,19.88593072604071,20.13186813186813,-8.088492579139224,-3.1648351648351647,-11.786822246190571,-13.582417582417582
24.186928510665894,19.93721461786526,20.21978021978022,-8.590120415822316,-3.6923076923076925,-11.336502321323621,-13.142857142857142
24.20890212059021,19.97333374529195,20.21978021978022,-9.085505855868396,-4.21978021978022,-10.877268116316372,-12.703296703296703
24.230855464935303,19.994212534316958,20.307692307692307,-9.573517129766762,-4.65934065934066,-10.410175749312593,-12.263736263736265
24.252847909927368,19.99987192281801,20.307692307692307,-10.055092299977657,-5.0989010989010985,-9.934308183926948,-11.824175824175825
24.274847984313965,19.990250849606994,20.307692307692307,-10.529151132120196,-5.626373626373627,-9.450684513120146,-11.384615384615385
24.29678726196289,19.96544189819857,20.307692307692307,-10.99388657187882,-6.153846153846154,-8.961204128085328,-10.945054945054945
24.318690299987793,19.925536940003532,20.307692307692307,-11.449519436508675,-6.593406593406593,-8.465738053545468,-10.505494505494505
24.3406765460968,19.870300080071253,20.307692307692307,-11.898159919573729,-7.1208791208791204,-7.961940562767735,-10.065934065934066
24.362587451934814,19.800163346984238,20.307692307692307,-12.336228212624057,-7.648351648351649,-7.453822860658528,-9.538461538461538
24.384462118148804,19.71516976538316,20.307692307692307,-12.764243526093225,-8.175824175824175,-6.940908792092978,-9.010989010989011
24.40641713142395,19.614885704240635,20.307692307692307,-13.184133083198681,-8.527472527472527,-6.420837959204738,-8.571428571428571
24.428125858306885,19.50104706591173,20.307692307692307,-13.589446933268185,-9.054945054945055,-5.901794523300823,-8.131868131868131
24.450204849243164,19.3703822200091,20.307692307692307,-13.991299287923066,-9.494505494505495,-5.36939571934557,-7.604395604395604
24.472213983535767,19.22529099142049,20.307692307692307,-14.381161764182345,-9.934065934065934,-4.834567457990963,-7.076923076923077
24.494144916534424,19.066088233041654,20.307692307692307,-14.758697928744521,-10.285714285714286,-4.297960807695297,-6.549450549450549
24.516107320785522,18.89214591145693,20.307692307692307,-15.125542910285843,-10.725274725274724,-3.757313143751349,-6.021978021978022
24.538084268569946,18.703685054051526,20.307692307692307,-15.481099034826407,-11.164835164835164,-3.2134429760245653,-5.4945054945054945
24.560026168823242,18.50129434815313,20.307692307692307,-15.824309803991948,-11.516483516483516,-2.6679950374070485,-4.967032967032967
24.58201241493225,18.284386940819463,20.307692307692307,-16.156147560396505,-11.868131868131869,-2.1194105750966057,-4.43956043956044
24.604105949401855,18.052362590641728,20.307692307692307,-16.47718184107947,-12.307692307692308,-1.5665202180655855,-3.912087912087912
24.62605619430542,17.80806358711235,20.307692307692307,-16.783557781331915,-12.571428571428571,-1.0160190674841911,-3.2967032967032965
24.647788763046265,17.552839097840323,20.307692307692307,-17.074316557888075,-12.923076923076923,-0.47021423281616337,-2.769230769230769
24.66968822479248,17.28241329101496,20.307692307692307,-17.35442678104799,-13.274725274725276,0.08013572833324976,-2.241758241758242
24.691549062728882,16.999411202274743,20.307692307692307,-17.62093560264121,-13.538461538461538,0.6294547633289731,-1.7142857142857142
24.713523387908936,16.702012242858505,20.307692307692307,-17.87542686300218,-13.802197802197803,1.1811460808749525,-1.1868131868131868
24.735419511795044,16.393004480577606,20.307692307692307,-18.115455848954667,-14.153846153846153,1.7299787709568597,-0.5714285714285714
24.75735878944397,16.07094077146521,20.21978021978022,-18.342202832383666,-14.417582417582418,2.2785792877772963,-0.04395604395604396
24.779228925704956,15.737734890159778,20.21978021978022,-18.554360408139996,-14.68131868131868,2.8237276961861397,0.4835164835164835
24.80115842819214,15.391690268440408,20.13186813186813,-18.753023304299756,-14.945054945054945,3.3682141959778926,1.098901098901099
24.823056936264038,15.034471484963547,19.956043956043956,-18.937195296072936,-15.12087912087912,3.909379051209469,1.6263736263736264
24.844808340072632,14.66838179327009,19.692307692307693,-19.105934961877693,-15.384615384615385,4.443979017124914,2.241758241758242
24.866632223129272,14.290059250196627,19.428571428571427,-19.26089167444204,-15.56043956043956,4.97702329235792,2.769230769230769
24.888413190841675,13.901765062355501,19.076923076923077,-19.40110096216158,-15.648351648351648,5.505287607247745,3.2967032967032965
24.910297870635986,13.501133967736813,18.725274725274726,-19.527340140714816,-15.912087912087912,6.031913090861357,3.8241758241758244
24.932283878326416,13.088366969978695,18.285714285714285,-19.639293158035194,-16.087912087912088,6.556382837326233,4.351648351648351
24.954219818115234,12.666583696349456,17.934065934065934,-19.73605214042457,-16.263736263736263,7.07467124376782,4.8791208791208796
24.97618269920349,12.234640602088241,17.494505494505493,-19.817906656461247,-16.52747252747253,7.588210732373206,5.406593406593407
24.99808645248413,11.794578828242745,17.054945054945055,-19.884506914811166,-16.615384615384617,8.09461158655434,5.934065934065934
25.02008819580078,11.343553468660064,16.615384615384617,-19.93623968343234,-16.703296703296704,8.597103796642946,6.373626373626373
25.041951417922974,10.886777990353574,16.175824175824175,-19.972551666425073,-16.703296703296704,9.089923668733862,6.9010989010989015
25.06380558013916,10.421979724947105,15.736263736263735,-19.9937830786866,-16.703296703296704,9.575682737664499,7.516483516483516
25.08580183982849,9.946223467527876,15.296703296703297,-19.99992672619149,-16.703296703296704,10.057307320528487,7.956043956043956
25.107722520828247,9.464541747276275,14.857142857142858,-19.99084810397665,-16.703296703296704,10.529633302959233,8.483516483516484
25.129883766174316,8.970275382435604,14.417582417582418,-19.966251191741875,-16.703296703296704,10.999020033557649,9.010989010989011
25.151872396469116,8.472982534435292,13.978021978021978,-19.92654246713888,-16.703296703296704,11.456321303241939,9.45054945054945
25.173789501190186,7.970869601952558,13.45054945054945,-19.871823821571528,-16.703296703296704,11.903431558357784,9.978021978021978
25.195587158203125,7.465495869195879,13.010989010989011,-19.802453413173794,-16.703296703296704,12.339150534752507,10.417582417582418
25.217418909072876,6.953717661851665,12.483516483516484,-19.71808265584731,-16.703296703296704,12.76627154299046,10.857142857142858
25.239471435546875,6.431452292312223,11.956043956043956,-19.61779305838582,-16.703296703296704,13.187956520634597,11.384615384615385
25.261362314224243,5.908129630084902,11.340659340659341,-19.50333898207329,-16.703296703296704,13.596535215993608,11.824175824175825
25.283418655395508,5.376330997440746,10.813186813186814,-19.373094294261353,-16.703296703296704,13.997796065015738,12.175824175824175
25.30541443824768,4.841879149578197,10.285714285714286,-19.2283864615884,-16.703296703296704,14.38724699883916,12.703296703296703
25.32742166519165,4.303447413392972,9.758241758241759,-19.06890216545286,-16.703296703296704,14.765900639542927,13.054945054945055
25.34946036338806,3.760947746333046,9.23076923076923,-18.89457551530316,-16.703296703296704,15.133779095342547,13.494505494505495
25.371345281600952,3.219378213840351,8.703296703296703,-18.707125173531438,-16.703296703296704,15.487605664952264,13.934065934065934
25.393373489379883,2.6718049953504845,8.175824175824175,-18.504160785409837,-16.703296703296704,15.831920066696178,14.285714285714286
25.41507124900818,2.130442599552972,7.648351648351649,-18.290379576264804,-16.703296703296704,16.15921156676903,14.637362637362637
25.43708324432373,1.5796236229531613,7.1208791208791204,-18.059609250136354,-16.703296703296704,16.47896688740528,14.989010989010989
25.45886731147766,1.0333169477938278,6.593406593406593,-17.817624555769143,-16.703296703296704,16.782999342311246,15.340659340659341
25.480731964111328,0.4842112439840123,5.978021978021978,-17.56131954761212,-16.703296703296704,17.07551042707067,15.780219780219781
25.50300145149231,-0.07543452481137732,5.362637362637362,-17.286643070869633,-16.703296703296704,17.36018598723657,16.13186813186813
25.524827480316162,-0.6238814137639696,4.835164835164835,-17.004299530821005,-16.703296703296704,17.62600288929051,16.395604395604394
25.546649932861328,-1.1717692825219945,4.21978021978022,-16.709214497386206,-16.703296703296704,17.878520962650487,16.65934065934066
25.568732023239136,-1.7252771953028134,3.6043956043956045,-16.3978296132546,-16.703296703296704,18.12035772731657,17.01098901098901
25.590859413146973,-2.2785877933324015,2.989010989010989,-16.07314145033849,-16.439560439560438,18.34869543457133,17.274725274725274
25.61264657974243,-2.821671789307418,2.3736263736263736,-15.741302806424823,-16.175824175824175,18.55966272726596,17.53846153846154
25.634458780288696,-3.363261046407417,1.6703296703296704,-15.397263910139547,-15.824175824175825,18.756937195950833,17.802197802197803
25.656415462493896,-3.905884977079408,1.1428571428571428,-15.039264161605818,-15.56043956043956,18.94128638112682,18.065934065934066
25.678324460983276,-4.444367114173888,0.6153846153846154,-14.670630358684322,-15.296703296703297,19.110863246344163,18.32967032967033
25.700215101242065,-4.979033803319085,0.17582417582417584,-14.291199815891728,-14.945054945054945,19.265831280732876,18.505494505494507
25.722221851348877,-5.51273815635777,-0.43956043956043955,-13.898857284613918,-14.505494505494505,19.406926926487436,18.681318681318682
25.744146823883057,-6.040267506443183,-0.967032967032967,-13.4974027324937,-14.153846153846153,19.532740087556846,18.857142857142858
25.76608681678772,-6.563568588148713,-1.4945054945054945,-13.085417488885776,-13.89010989010989,19.643797855639015,19.032967032967033
25.788074493408203,-7.083001528889085,-2.021978021978022,-12.662558533727065,-13.538461538461538,19.740117166846723,19.208791208791208
25.8099205493927,-7.593734667727482,-2.5494505494505493,-12.232849101787593,-13.010989010989011,19.820891954333703,19.384615384615383
25.831887006759644,-8.10151192813784,-3.1648351648351647,-11.791477022114066,-12.571428571428571,19.887051168972054,19.560439560439562
25.853801250457764,-8.601931765740481,-3.6923076923076925,-11.342201589183174,-12.219780219780219,19.93795470007992,19.560439560439562
25.875731229782104,-9.096180906797636,-4.3076923076923075,-10.883993494012337,-11.780219780219781,19.973759389852045,19.560439560439562
25.897752046585083,-9.585526203376638,-4.835164835164835,-10.415571224334034,-11.340659340659341,19.99444998370706,19.560439560439562
25.91967749595642,-10.065460751649063,-5.362637362637362,-9.941253596675013,-10.813186813186814,19.99984053457422,19.560439560439562
25.941656589508057,-10.538900659639081,-5.978021978021978,-9.45820181826517,-10.285714285714286,19.990006977655963,19.560439560439562
25.963462829589844,-11.000673641408675,-6.417582417582418,-8.971818164727305,-10.021978021978022,19.965181711179664,19.560439560439562
25.985339641571045,-11.455640681562878,-6.857142857142857,-8.477091577880778,-9.67032967032967,19.92521239092492,19.560439560439562
26.007106065750122,-11.89972074532159,-7.384615384615385,-7.97850279848721,-9.142857142857142,19.870500599929187,19.560439560439562
26.028871059417725,-12.334870180318347,-7.912087912087912,-7.473978550484105,-8.615384615384615,19.800928501965217,19.560439560439562
26.050761938095093,-12.763228964007178,-8.43956043956044,-6.960897723109724,-8.087912087912088,19.716014008480396,19.560439560439562
26.072880506515503,-13.186233013571968,-8.87912087912088,-6.437131942784047,-7.56043956043956,19.615064061627308,19.560439560439562
26.09473991394043,-13.594273795851388,-9.31868131868132,-5.914615797184215,-7.032967032967033,19.50040898726603,19.560439560439562
26.116973638534546,-13.99877795752975,-9.758241758241759,-5.378576526690985,-6.5054945054945055,19.368697654897385,19.560439560439562
26.138956308364868,-14.38797300945875,-10.197802197802197,-4.844460897864094,-5.978021978021978,19.22360948710416,19.560439560439562
26.160813808441162,-14.76406737352191,-10.637362637362637,-4.309720709679211,-5.450549450549451,19.064803702191536,19.560439560439562
26.182807445526123,-15.131261546149897,-10.989010989010989,-3.7683691720906207,-5.010989010989011,18.8904922215273,19.560439560439562
26.204719305038452,-15.485597689567394,-11.516483516483516,-3.2261677063673355,-4.395604395604396,18.702480297623204,19.560439560439562
26.226855278015137,-15.83163603926679,-11.868131868131869,-2.6759385106363216,-3.868131868131868,18.49814849872279,19.560439560439562
26.24872088432312,-16.16142305905466,-12.307692307692308,-2.1303953817478756,-3.340659340659341,18.282260318055886,19.560439560439562
26.27089285850525,-16.483371087470548,-12.747252747252746,-1.575568103463076,-2.8131868131868134,18.049254514792466,19.560439560439562
26.29285478591919,-16.78965595703708,-13.098901098901099,-1.0247899460803795,-2.2857142857142856,17.80464328341309,19.560439560439562
26.31472682952881,-17.081978809589458,-13.538461538461538,-0.47548968855928875,-1.7582417582417582,17.547555837484122,19.47252747252747
26.33698320388794,-17.366191359358897,-13.802197802197803,0.08382895884691421,-1.1428571428571428,17.272345452188617,19.208791208791208
26.358949661254883,-17.633383570211404,-14.153846153846153,0.6357993542661735,-0.6153846153846154,16.98747202062707,19.032967032967033
26.380849361419678,-17.88638983666956,-14.505494505494505,1.1856104816072157,0.0,16.690579871788046,18.76923076923077
26.40280771255493,-18.126473681802466,-14.76923076923077,1.7359922456531667,0.3516483516483517,16.380202186341137,18.505494505494507
26.424800395965576,-18.353099605553485,-15.032967032967033,2.2859095016745736,0.967032967032967,16.056838807451996,18.24175824175824
26.446671724319458,-18.56457402710832,-15.296703296703297,2.8310616641510835,1.4945054945054945,15.723097257809169,17.978021978021978
26.468708753585815,-18.763467896032324,-15.56043956043956,3.3781801654936636,2.10989010989011,15.37481628993283,17.714285714285715
26.49061131477356,-18.946891493035942,-15.912087912087912,3.9193942172733776,2.6373626373626373,15.016977799825009,17.36263736263736
26.512425661087036,-19.115310845061686,-16.087912087912088,4.455477992220751,3.1648351648351647,14.649273455413654,17.01098901098901
26.534422397613525,-19.27059394440544,-16.35164835164835,4.9926528482671,3.78021978021978,14.26734947773248,16.747252747252748
26.556347370147705,-19.41071927782813,-16.439560439560438,5.524279748422936,4.395604395604396,13.875823847841309,16.395604395604394
26.578224420547485,-19.53585297056893,-16.703296703296704,6.050565478907424,4.923076923076923,13.474655830958975,16.043956043956044
26.600173234939575,-19.646560382736656,-16.791208791208792,6.573982014918762,5.450549450549451,13.061938749871194,15.604395604395604
26.622004985809326,-19.741851655073077,-16.967032967032967,7.089646715592243,5.978021978021978,12.641565435666317,15.252747252747254
26.643932819366455,-19.822606083731635,-17.142857142857142,7.602209304595975,6.5054945054945055,12.209765450278072,14.813186813186814
26.66589641571045,-19.888405074066114,-17.23076923076923,8.109821546602785,7.032967032967033,11.76796847846315,14.461538461538462
26.68781280517578,-19.938961952341316,-17.23076923076923,8.610185475018982,7.472527472527473,11.318185732915449,14.10989010989011
26.70968723297119,-19.974342634169204,-17.318681318681318,9.103079930924906,8.0,10.8607042264686,13.67032967032967
26.73141646385193,-19.994546733719794,-17.318681318681318,9.585893941607168,8.615384615384615,10.39813426709822,13.23076923076923
26.753475189208984,-19.999809288910207,-17.318681318681318,10.068717114852774,9.142857142857142,9.920622227888389,12.791208791208792
26.775588274002075,-19.989661339059918,-17.318681318681318,10.544965003974776,9.582417582417582,9.434283161665956,12.351648351648352
26.79737901687622,-19.964562463527802,-17.318681318681318,11.006307445818456,10.10989010989011,8.947905655068118,11.824175824175825
26.819196224212646,-19.924436709736884,-17.318681318681318,11.459942639057905,10.461538461538462,8.454216370228831,11.384615384615385
26.841142416000366,-19.868965395963976,-17.318681318681318,11.907569170373478,10.901098901098901,7.9511984043173385,10.945054945054945
26.8630473613739,-19.79853013570207,-17.406593406593405,12.345324198327853,11.428571428571429,7.4430955789858,10.417582417582418
26.885072946548462,-19.712582289914554,-17.406593406593405,12.77605850325587,11.868131868131869,6.926509096372552,9.89010989010989
26.907013416290283,-19.611953434119446,-17.406593406593405,13.195398486277487,12.395604395604396,6.406643183220452,9.45054945054945
26.928589344024658,-19.498458045429167,-17.406593406593405,13.597991267530672,12.835164835164836,5.89066357670487,8.923076923076923
26.95036482810974,-19.3693809168381,-17.406593406593405,13.99417207809255,13.362637362637363,5.365522511201507,8.483516483516484
26.972301244735718,-19.22468639374982,-17.406593406593405,14.382685781648119,13.714285714285714,4.832439354830668,7.956043956043956
26.994150638580322,-19.066044800122782,-17.406593406593405,14.758794982163346,14.065934065934066,4.2978203568081055,7.428571428571429
27.015754461288452,-18.895054663378207,-17.406593406593405,15.119739308619488,14.505494505494505,3.7660231976041487,6.9010989010989015
27.03767991065979,-18.707281849634604,-17.406593406593405,15.474662892891857,14.76923076923077,3.2234731489607875,6.373626373626373
27.059507131576538,-18.50624496252111,-17.406593406593405,15.816329037281609,15.032967032967033,2.6809227071818595,5.846153846153846
27.081345796585083,-18.291169553344666,-17.406593406593405,16.14626633688848,15.472527472527473,2.136069438999082,5.318681318681318
27.10315489768982,-18.062638356959432,-17.406593406593405,16.463622246596977,15.912087912087912,1.5903481968127873,4.7032967032967035
27.124902725219727,-17.821240258374655,-17.406593406593405,16.767773827155857,16.263736263736263,1.0449703983099166,4.175824175824176
27.146435499191284,-17.56911586359166,-17.406593406593405,17.056580897847947,16.703296703296704,0.5042153655871466,3.6483516483516483
27.168516635894775,-17.297213894092206,-17.318681318681318,17.33977219227382,16.87912087912088,-0.05069064789163368,3.120879120879121
27.190560340881348,-17.012489434060036,-17.23076923076923,17.60916756624586,17.142857142857142,-0.604617303600921,2.5934065934065935
27.21248173713684,-16.716399222138442,-17.054945054945055,17.863669429569526,17.494505494505493,-1.1550112310521012,1.978021978021978
27.234431982040405,-16.407209962402007,-16.791208791208792,18.104924372487375,17.75824175824176,-1.705251139709122,1.4505494505494505
27.2564640045166,-16.084316631605173,-16.615384615384617,18.333226601198653,17.934065934065934,-2.2562358782700387,0.8351648351648352
27.2782301902771,-15.753212229082527,-16.35164835164835,18.544976067441013,18.197802197802197,-2.7988759552448164,0.3956043956043956
27.30015802383423,-15.407732976337362,-16.0,18.744269373881124,18.285714285714285,-3.3434277553483653,-0.21978021978021978
27.321991443634033,-15.052118008833183,-15.736263736263735,18.928565027616212,18.46153846153846,-3.8831133692695543,-0.7472527472527473
27.343945741653442,-14.683110367672157,-15.472527472527473,19.099514234535754,18.725274725274726,-4.42283890495181,-1.3626373626373627
27.365872859954834,-14.30340514144376,-15.12087912087912,19.255742546068596,18.98901098901099,-4.958536528110242,-1.89010989010989
27.387850522994995,-13.911928173711566,-14.68131868131868,19.3976613799563,19.076923076923077,-5.491691148803774,-2.4175824175824174
27.40982174873352,-13.509959840240203,-14.241758241758241,19.524750510761006,19.164835164835164,-6.020502960636519,-2.9450549450549453
27.43166947364807,-13.100039021884324,-13.89010989010989,19.636367831329814,19.428571428571427,-6.541792510002047,-3.4725274725274726
27.453652143478394,-12.677621624373923,-13.45054945054945,19.733736859330833,19.604395604395606,-7.061324654623854,-4.0
27.4757399559021,-12.243441168037538,-13.010989010989011,19.81640546406848,19.78021978021978,-7.577914215292144,-4.527472527472527
27.497817993164062,-11.80002713839351,-12.747252747252746,19.883781733478195,19.86813186813187,-8.088441318034796,-4.967032967032967
27.51968216896057,-11.351956427245911,-12.307692307692308,19.935422902822665,19.956043956043956,-8.587888995992106,-5.582417582417582
27.54165291786194,-10.893070497223194,-11.868131868131869,19.97215735119738,20.043956043956044,-9.083240521603527,-6.1098901098901095
27.563359022140503,-10.431557065314735,-11.340659340659341,19.993500115225892,20.13186813186813,-9.565827993310421,-6.637362637362638
27.585192441940308,-9.959508146977829,-10.901098901098901,19.99996232045075,20.13186813186813,-10.044065901090065,-7.076923076923077
27.607053995132446,-9.479339864798277,-10.373626373626374,19.991349283681032,20.13186813186813,-10.515344854862988,-7.604395604395604
27.628801822662354,-8.994570823260355,-9.934065934065934,19.9678117670394,20.13186813186813,-10.976299027523122,-8.131868131868131
27.65053939819336,-8.503317538100966,-9.406593406593407,19.929383231483374,20.13186813186813,-11.428844273334171,-8.571428571428571
27.67240810394287,-8.002699445226323,-8.967032967032967,19.87571820547179,20.13186813186813,-11.875514058764674,-9.098901098901099
27.693944692611694,-7.503775943117081,-8.615384615384615,19.808198793914627,20.13186813186813,-12.306637327338168,-9.538461538461538
27.715846061706543,-6.990767788966014,-8.175824175824175,19.724657943172048,20.13186813186813,-12.73581739016713,-9.978021978021978
27.73736596107483,-6.48153541187913,-7.648351648351649,19.628020042536065,20.13186813186813,-13.14812820604595,-10.417582417582418
27.759166717529297,-5.96082578649848,-7.1208791208791204,19.515485806405387,20.13186813186813,-13.556015008063895,-10.945054945054945
27.78105616569519,-5.433497521033132,-6.593406593406593,19.387758512679117,20.13186813186813,-13.95532519571452,-11.296703296703297
27.80325198173523,-4.894592953527959,-6.065934065934066,19.243266005832844,20.13186813186813,-14.349441581327827,-11.824175824175825
27.825143814086914,-4.35933736194471,-5.538461538461538,19.086088300742524,20.13186813186813,-14.727227255547623,-12.175824175824175
27.847026586532593,-3.821006316733986,-4.923076923076923,18.914541055959617,20.13186813186813,-15.093718604371055,-12.615384615384615
27.869024753570557,-3.276925135589266,-4.395604395604396,18.72767423687425,20.13186813186813,-15.450638832902923,-12.967032967032967
27.89104437828064,-2.729805728124437,-3.868131868131868,18.526293940988417,20.13186813186813,-15.796083608503222,-13.406593406593407
27.912912607192993,-2.184378602051664,-3.340659340659341,18.312259759671267,20.13186813186813,-16.127184547059343,-13.758241758241759
27.93475365638733,-1.6379828011394686,-2.8131868131868134,18.084689228073056,20.13186813186813,-16.445718698061903,-14.10989010989011
27.956741333007812,-1.0866735016593774,-2.2857142857142856,17.841831545438755,20.13186813186813,-16.753877994217312,-14.54945054945055
27.978857040405273,-0.5313180164236085,-1.7582417582417582,17.583820512893155,20.13186813186813,-17.050929410253968,-14.901098901098901
